{"3.0": {"val1": "JFM", "val2": "JFM"}, "11.0": {"val1": "JFs", "val2": "II"}, "14.0": {"val1": "JF4", "val2": "JF4"}, "18.0": {"val1": "KFIB", "val2": "JIE"}, "19.0": {"val1": "KFMB", "val2": "KFMB"}, "20.0": {"val1": "KFQB", "val2": "KFQB"}, "24.0": {"val1": "JFN", "val2": "JIB"}, "25.0": {"val1": "JFR", "val2": "KLBB"}, "27.0": {"val1": "JFZ", "val2": "KLFB"}, "28.0": {"val1": "JFd", "val2": "JFd"}, "34.0": {"val1": "JF1", "val2": "KLJB"}, "36.0": {"val1": "JF9", "val2": "KLNB"}, "37.0": {"val1": "KFBB", "val2": "JIF"}, "46.0": {"val1": "KFlB", "val2": "KFlB"}, "50.0": {"val1": "KF1B", "val2": "KF1B"}, "51.0": {"val1": "KF5B", "val2": "JIJ"}, "52.0": {"val1": "KF9B", "val2": "KF9B"}, "53.0": {"val1": "JFC", "val2": "JLS"}, "54.0": {"val1": "JFG", "val2": "JLW"}, "58.0": {"val1": "JFW", "val2": "JLa"}, "59.0": {"val1": "JFa", "val2": "JLe"}, "60.0": {"val1": "JFe", "val2": "JLi"}, "61.0": {"val1": "JFi", "val2": "JIG"}, "65.0": {"val1": "JFy", "val2": "JKC"}, "66.0": {"val1": "JFD", "val2": "JFD"}}