{"11.0": {"val1": "JFs", "val2": "IK"}, "18.0": {"val1": "KFIB", "val2": "JKE"}, "22.0": {"val1": "JFF", "val2": "JL5"}, "24.0": {"val1": "JFN", "val2": "JLx"}, "26.0": {"val1": "JFV", "val2": "JHN"}, "28.0": {"val1": "JFd", "val2": "JGJ"}, "35.0": {"val1": "JF5", "val2": "JHR"}, "37.0": {"val1": "KFBB", "val2": "JL1"}, "39.0": {"val1": "KFJB", "val2": "JL9"}, "50.0": {"val1": "KF1B", "val2": "JGR"}, "51.0": {"val1": "KF5B", "val2": "JKJ"}, "53.0": {"val1": "JFC", "val2": "JLa"}, "54.0": {"val1": "JFG", "val2": "JLe"}, "59.0": {"val1": "JFa", "val2": "JHO"}, "61.0": {"val1": "JFi", "val2": "JLW"}, "62.0": {"val1": "JFm", "val2": "JLS"}, "63.0": {"val1": "JFq", "val2": "JLi"}, "65.0": {"val1": "JFy", "val2": "JKC"}, "66.0": {"val1": "JFD", "val2": "JFD"}}