{"0.0": {"val1": "IF", "val2": "IF"}, "1.0": {"val1": "JFE", "val2": "JFE"}, "2.0": {"val1": "JFI", "val2": "JFI"}, "3.0": {"val1": "JFM", "val2": "JFM"}, "4.0": {"val1": "JFQ", "val2": "JFQ"}, "6.0": {"val1": "JFY", "val2": "JFY"}, "7.0": {"val1": "JFc", "val2": "JFc"}, "8.0": {"val1": "JFg", "val2": "JFg"}, "11.0": {"val1": "JFs", "val2": "JKI"}, "18.0": {"val1": "KFIB", "val2": "KFIB"}, "21.0": {"val1": "JFB", "val2": "JFB"}, "22.0": {"val1": "JFF", "val2": "JFF"}, "23.0": {"val1": "JFJ", "val2": "JFJ"}, "24.0": {"val1": "JFN", "val2": "JFN"}, "25.0": {"val1": "JFR", "val2": "JFR"}, "26.0": {"val1": "JFV", "val2": "JGF"}, "28.0": {"val1": "JFd", "val2": "JGJ"}, "29.0": {"val1": "JFh", "val2": "JFh"}, "30.0": {"val1": "JFl", "val2": "JFl"}, "31.0": {"val1": "JFp", "val2": "JFp"}, "41.0": {"val1": "KFRB", "val2": "KLhB"}, "42.0": {"val1": "KFVB", "val2": "KLlB"}, "43.0": {"val1": "KFZB", "val2": "KFZB"}, "45.0": {"val1": "KFhB", "val2": "KLpB"}, "46.0": {"val1": "KFlB", "val2": "KLtB"}, "47.0": {"val1": "KFpB", "val2": "KLxB"}, "48.0": {"val1": "KFtB", "val2": "KL1B"}, "49.0": {"val1": "KFxB", "val2": "KL5B"}, "51.0": {"val1": "KF5B", "val2": "KF5B"}, "53.0": {"val1": "JFC", "val2": "JGC"}, "54.0": {"val1": "JFG", "val2": "KLCB"}, "55.0": {"val1": "JFK", "val2": "JLi"}, "56.0": {"val1": "JFO", "val2": "JLm"}, "57.0": {"val1": "JFS", "val2": "JHC"}, "59.0": {"val1": "JFa", "val2": "JL2"}, "60.0": {"val1": "JFe", "val2": "JLq"}, "61.0": {"val1": "JFi", "val2": "JL6"}, "62.0": {"val1": "JFm", "val2": "JLu"}, "63.0": {"val1": "JFq", "val2": "JL+"}, "64.0": {"val1": "JFu", "val2": "JLy"}, "65.0": {"val1": "JFy", "val2": "JGO"}, "66.0": {"val1": "JFD", "val2": "JFD"}}