{"5.0": {"val1": "JFU", "val2": "JFU"}, "8.0": {"val1": "JFg", "val2": "JFg"}, "9.0": {"val1": "JFk", "val2": "JFk"}, "10.0": {"val1": "JFo", "val2": "JFo"}, "13.0": {"val1": "JFF", "val2": "KLZB"}, "15.0": {"val1": "JFN", "val2": "KL5B"}, "22.0": {"val1": "JFp", "val2": "JFp"}, "23.0": {"val1": "JFt", "val2": "JFt"}, "24.0": {"val1": "JFx", "val2": "KLdB"}, "25.0": {"val1": "JF1", "val2": "KLhB"}, "27.0": {"val1": "JF9", "val2": "JF9"}, "28.0": {"val1": "KFBB", "val2": "KLlB"}, "30.0": {"val1": "KFJB", "val2": "KLpB"}, "31.0": {"val1": "KFNB", "val2": "KFNB"}, "34.0": {"val1": "KFZB", "val2": "KFZB"}, "35.0": {"val1": "KFdB", "val2": "KLtB"}, "36.0": {"val1": "KFhB", "val2": "KFhB"}, "37.0": {"val1": "KFlB", "val2": "KLxB"}, "38.0": {"val1": "KFpB", "val2": "KFpB"}, "39.0": {"val1": "KFtB", "val2": "KL1B"}, "40.0": {"val1": "KFxB", "val2": "KFxB"}, "41.0": {"val1": "KF1B", "val2": "KF1B"}, "46.0": {"val1": "KFJC", "val2": "KFJC"}, "47.0": {"val1": "KFNC", "val2": "KFNC"}, "48.0": {"val1": "KFRC", "val2": "KFRC"}, "49.0": {"val1": "KFVC", "val2": "KFVC"}, "50.0": {"val1": "JFC", "val2": "JLu"}, "51.0": {"val1": "JFG", "val2": "JLy"}, "52.0": {"val1": "JFK", "val2": "JL2"}, "55.0": {"val1": "JFW", "val2": "JLS"}, "56.0": {"val1": "JFa", "val2": "JLW"}, "57.0": {"val1": "JFe", "val2": "JFe"}, "58.0": {"val1": "JFi", "val2": "JLq"}, "59.0": {"val1": "JFm", "val2": "JLm"}, "61.0": {"val1": "JFu", "val2": "JLa"}, "62.0": {"val1": "JFy", "val2": "JLe"}, "63.0": {"val1": "JF2", "val2": "JLi"}, "64.0": {"val1": "JF6", "val2": "JF6"}, "67.0": {"val1": "KFGB", "val2": "KFGB"}, "68.0": {"val1": "KFKB", "val2": "KFKB"}, "69.0": {"val1": "JFD", "val2": "JFD"}}