{"0.0": {"val1": "IF", "val2": "II"}, "5.0": {"val1": "JFU", "val2": "JFU"}, "6.0": {"val1": "JFY", "val2": "JHE"}, "7.0": {"val1": "JFc", "val2": "JFc"}, "8.0": {"val1": "JFg", "val2": "JFg"}, "9.0": {"val1": "JFk", "val2": "JFk"}, "10.0": {"val1": "JFo", "val2": "JFo"}, "12.0": {"val1": "JFB", "val2": "KLJB"}, "13.0": {"val1": "JFF", "val2": "JFF"}, "18.0": {"val1": "JFZ", "val2": "KLNB"}, "21.0": {"val1": "JFl", "val2": "JIJ"}, "22.0": {"val1": "JFp", "val2": "JFp"}, "23.0": {"val1": "JFt", "val2": "JFt"}, "24.0": {"val1": "JFx", "val2": "JFx"}, "25.0": {"val1": "JF1", "val2": "JF1"}, "26.0": {"val1": "JF5", "val2": "JF5"}, "27.0": {"val1": "JF9", "val2": "JF9"}, "28.0": {"val1": "KFBB", "val2": "KFBB"}, "30.0": {"val1": "KFJB", "val2": "JIN"}, "31.0": {"val1": "KFNB", "val2": "KFNB"}, "40.0": {"val1": "KFxB", "val2": "KFxB"}, "41.0": {"val1": "KF1B", "val2": "KF1B"}, "42.0": {"val1": "KF5B", "val2": "KF5B"}, "43.0": {"val1": "KF9B", "val2": "KF9B"}, "44.0": {"val1": "KFBC", "val2": "KFBC"}, "45.0": {"val1": "KFFC", "val2": "KFFC"}, "46.0": {"val1": "KFJC", "val2": "KFJC"}, "47.0": {"val1": "KFNC", "val2": "KFNC"}, "50.0": {"val1": "JFC", "val2": "JLW"}, "51.0": {"val1": "JFG", "val2": "JLi"}, "52.0": {"val1": "JFK", "val2": "JLa"}, "54.0": {"val1": "JFS", "val2": "JLS"}, "55.0": {"val1": "JFW", "val2": "JIK"}, "56.0": {"val1": "JFa", "val2": "JFa"}, "57.0": {"val1": "JFe", "val2": "JFe"}, "58.0": {"val1": "JFi", "val2": "JFi"}, "59.0": {"val1": "JFm", "val2": "JLe"}, "61.0": {"val1": "JFu", "val2": "JFu"}, "62.0": {"val1": "JFy", "val2": "JFy"}, "64.0": {"val1": "JF6", "val2": "JF6"}, "65.0": {"val1": "JF+", "val2": "JF+"}, "66.0": {"val1": "KFCB", "val2": "KFCB"}, "67.0": {"val1": "KFGB", "val2": "KFGB"}, "69.0": {"val1": "JFD", "val2": "JFD"}}