{"0.0": {"val1": "IF", "val2": "IH"}, "2.0": {"val1": "JFI", "val2": "JFI"}, "3.0": {"val1": "JFM", "val2": "JFM"}, "7.0": {"val1": "JFc", "val2": "IK"}, "9.0": {"val1": "JFk", "val2": "JFk"}, "10.0": {"val1": "JFo", "val2": "JFo"}, "12.0": {"val1": "JFB", "val2": "JFB"}, "13.0": {"val1": "JFF", "val2": "JLR"}, "15.0": {"val1": "JFN", "val2": "JHB"}, "16.0": {"val1": "JFR", "val2": "JHF"}, "18.0": {"val1": "JFZ", "val2": "JKJ"}, "19.0": {"val1": "JFd", "val2": "JFd"}, "21.0": {"val1": "JFl", "val2": "JKN"}, "22.0": {"val1": "JFp", "val2": "JKB"}, "23.0": {"val1": "JFt", "val2": "JLZ"}, "24.0": {"val1": "JFx", "val2": "JFx"}, "30.0": {"val1": "KFJB", "val2": "JHN"}, "31.0": {"val1": "KFNB", "val2": "KFNB"}, "32.0": {"val1": "KFRB", "val2": "KFRB"}, "33.0": {"val1": "KFVB", "val2": "KFVB"}, "34.0": {"val1": "KFZB", "val2": "KFZB"}, "35.0": {"val1": "KFdB", "val2": "KFdB"}, "36.0": {"val1": "KFhB", "val2": "KFhB"}, "37.0": {"val1": "KFlB", "val2": "KFlB"}, "38.0": {"val1": "KFpB", "val2": "KFpB"}, "39.0": {"val1": "KFtB", "val2": "KFtB"}, "42.0": {"val1": "KF5B", "val2": "KF5B"}, "43.0": {"val1": "KF9B", "val2": "KF9B"}, "44.0": {"val1": "KFBC", "val2": "KFBC"}, "46.0": {"val1": "KFJC", "val2": "KFJC"}, "47.0": {"val1": "KFNC", "val2": "KFNC"}, "48.0": {"val1": "KFRC", "val2": "KFRC"}, "49.0": {"val1": "KFVC", "val2": "KFVC"}, "50.0": {"val1": "JFC", "val2": "JLK"}, "51.0": {"val1": "JFG", "val2": "JKS"}, "52.0": {"val1": "JFK", "val2": "JHG"}, "54.0": {"val1": "JFS", "val2": "JKO"}, "55.0": {"val1": "JFW", "val2": "JKK"}, "56.0": {"val1": "JFa", "val2": "JLW"}, "57.0": {"val1": "JFe", "val2": "JLO"}, "59.0": {"val1": "JFm", "val2": "JHO"}, "60.0": {"val1": "JFq", "val2": "JFq"}, "61.0": {"val1": "JFu", "val2": "JFu"}, "62.0": {"val1": "JFy", "val2": "JFy"}, "63.0": {"val1": "JF2", "val2": "JF2"}, "65.0": {"val1": "JF+", "val2": "JF+"}, "66.0": {"val1": "KFCB", "val2": "JLG"}, "67.0": {"val1": "KFGB", "val2": "KFGB"}, "68.0": {"val1": "KFKB", "val2": "KFKB"}, "69.0": {"val1": "JFD", "val2": "JFD"}}