{"0.0": {"val1": "IF", "val2": "IF"}, "1.0": {"val1": "JFE", "val2": "JFE"}, "8.0": {"val1": "JFB", "val2": "JFB"}, "11.0": {"val1": "JFN", "val2": "JFN"}, "12.0": {"val1": "JFR", "val2": "JFR"}, "13.0": {"val1": "JFV", "val2": "JFV"}, "14.0": {"val1": "JFZ", "val2": "JFZ"}, "15.0": {"val1": "JFd", "val2": "JFd"}, "32.0": {"val1": "JFC", "val2": "JKC"}, "34.0": {"val1": "JFK", "val2": "JFK"}, "35.0": {"val1": "JFO", "val2": "JLG"}, "38.0": {"val1": "JFa", "val2": "JHC"}, "39.0": {"val1": "JFe", "val2": "JGG"}, "40.0": {"val1": "JFi", "val2": "JFi"}, "41.0": {"val1": "JFm", "val2": "JFm"}, "43.0": {"val1": "JFu", "val2": "JLK"}, "51.0": {"val1": "JFD", "val2": "JFD"}}