{"0.0": {"val1": "IF", "val2": "IF"}, "1.0": {"val1": "JFE", "val2": "JFE"}, "2.0": {"val1": "JFI", "val2": "JFI"}, "3.0": {"val1": "JFM", "val2": "JGE"}, "4.0": {"val1": "JFQ", "val2": "JGM"}, "5.0": {"val1": "JFU", "val2": "JHM"}, "6.0": {"val1": "JFY", "val2": "JFY"}, "7.0": {"val1": "JFc", "val2": "JFc"}, "8.0": {"val1": "JFg", "val2": "JFg"}, "9.0": {"val1": "JFk", "val2": "JFk"}, "16.0": {"val1": "KFAB", "val2": "JHc"}, "17.0": {"val1": "KFEB", "val2": "KFEB"}, "18.0": {"val1": "KFIB", "val2": "KFIB"}, "19.0": {"val1": "KFMB", "val2": "KFMB"}, "20.0": {"val1": "KFQB", "val2": "KFQB"}, "21.0": {"val1": "KFUB", "val2": "JHk"}, "22.0": {"val1": "KFYB", "val2": "KFYB"}, "23.0": {"val1": "KFcB", "val2": "KFcB"}, "24.0": {"val1": "JFB", "val2": "JFB"}, "25.0": {"val1": "JFF", "val2": "JFF"}, "26.0": {"val1": "JFJ", "val2": "JFJ"}, "27.0": {"val1": "JFN", "val2": "JFN"}, "28.0": {"val1": "JFR", "val2": "JFR"}, "29.0": {"val1": "JFV", "val2": "JFV"}, "30.0": {"val1": "JFZ", "val2": "JFZ"}, "31.0": {"val1": "JFd", "val2": "KLFC"}, "32.0": {"val1": "JFh", "val2": "KLtB"}, "33.0": {"val1": "JFl", "val2": "KLxB"}, "34.0": {"val1": "JFp", "val2": "KL5B"}, "35.0": {"val1": "JFt", "val2": "KLBC"}, "36.0": {"val1": "JFx", "val2": "KLNC"}, "37.0": {"val1": "JF1", "val2": "JF1"}, "38.0": {"val1": "JF5", "val2": "JF5"}, "39.0": {"val1": "JF9", "val2": "JF9"}, "40.0": {"val1": "KFBB", "val2": "KFBB"}, "41.0": {"val1": "KFFB", "val2": "KFFB"}, "42.0": {"val1": "KFJB", "val2": "KFJB"}, "43.0": {"val1": "KFNB", "val2": "KFNB"}, "44.0": {"val1": "KFRB", "val2": "KFRB"}, "45.0": {"val1": "KFVB", "val2": "KFVB"}, "52.0": {"val1": "KFxB", "val2": "JHh"}, "53.0": {"val1": "KF1B", "val2": "KF1B"}, "54.0": {"val1": "KF5B", "val2": "KF5B"}, "55.0": {"val1": "KF9B", "val2": "JHp"}, "56.0": {"val1": "KFBC", "val2": "KFBC"}, "57.0": {"val1": "KFFC", "val2": "JHx"}, "58.0": {"val1": "KFJC", "val2": "KFJC"}, "59.0": {"val1": "KFNC", "val2": "KFNC"}, "60.0": {"val1": "KFRC", "val2": "JH5"}, "61.0": {"val1": "JFC", "val2": "JFC"}, "62.0": {"val1": "JFG", "val2": "JFG"}, "63.0": {"val1": "JFK", "val2": "JL+"}, "64.0": {"val1": "JFO", "val2": "JLm"}, "65.0": {"val1": "JFS", "val2": "JLq"}, "66.0": {"val1": "JFW", "val2": "KLGB"}, "67.0": {"val1": "JFa", "val2": "JLu"}, "68.0": {"val1": "JFe", "val2": "KLKB"}, "69.0": {"val1": "JFi", "val2": "JFi"}, "70.0": {"val1": "JFm", "val2": "JFm"}, "71.0": {"val1": "JFq", "val2": "JFq"}, "72.0": {"val1": "JFu", "val2": "KLCB"}, "73.0": {"val1": "JFy", "val2": "JFy"}, "74.0": {"val1": "JF2", "val2": "JHW"}, "75.0": {"val1": "JF6", "val2": "JHa"}, "76.0": {"val1": "JFD", "val2": "JFD"}}