{"2.0": {"val1": "JFI", "val2": "IJ"}, "3.0": {"val1": "JFM", "val2": "IH"}, "4.0": {"val1": "JFQ", "val2": "JGM"}, "5.0": {"val1": "JFU", "val2": "JFU"}, "26.0": {"val1": "JFJ", "val2": "JJB"}, "27.0": {"val1": "JFN", "val2": "JFN"}, "29.0": {"val1": "JFV", "val2": "JFV"}, "33.0": {"val1": "JFl", "val2": "KLNB"}, "34.0": {"val1": "JFp", "val2": "KLBB"}, "35.0": {"val1": "JFt", "val2": "JL9"}, "36.0": {"val1": "JFx", "val2": "KLJB"}, "62.0": {"val1": "JFG", "val2": "JFG"}, "65.0": {"val1": "JFS", "val2": "JLe"}, "67.0": {"val1": "JFa", "val2": "JLW"}, "68.0": {"val1": "JFe", "val2": "JLm"}, "72.0": {"val1": "JFu", "val2": "JLa"}, "76.0": {"val1": "JFD", "val2": "JFD"}}