{"0.0": {"val1": "IF", "val2": "IF"}, "2.0": {"val1": "JFI", "val2": "JFI"}, "3.0": {"val1": "JFM", "val2": "JFM"}, "4.0": {"val1": "JFQ", "val2": "JHM"}, "5.0": {"val1": "JFU", "val2": "JGM"}, "6.0": {"val1": "JFY", "val2": "JFY"}, "7.0": {"val1": "JFc", "val2": "JFc"}, "8.0": {"val1": "JFg", "val2": "JFg"}, "9.0": {"val1": "JFk", "val2": "JFk"}, "10.0": {"val1": "JFo", "val2": "JGU"}, "11.0": {"val1": "JFs", "val2": "JFs"}, "13.0": {"val1": "JF0", "val2": "JF0"}, "14.0": {"val1": "JF4", "val2": "JHU"}, "15.0": {"val1": "JF8", "val2": "JF8"}, "16.0": {"val1": "KFAB", "val2": "IH"}, "17.0": {"val1": "KFEB", "val2": "KFEB"}, "18.0": {"val1": "KFIB", "val2": "KFIB"}, "19.0": {"val1": "KFMB", "val2": "KFMB"}, "20.0": {"val1": "KFQB", "val2": "KFQB"}, "21.0": {"val1": "KFUB", "val2": "JHE"}, "22.0": {"val1": "KFYB", "val2": "KFYB"}, "23.0": {"val1": "KFcB", "val2": "KFcB"}, "24.0": {"val1": "JFB", "val2": "JFB"}, "25.0": {"val1": "JFF", "val2": "KLJB"}, "26.0": {"val1": "JFJ", "val2": "KLBB"}, "27.0": {"val1": "JFN", "val2": "JFN"}, "28.0": {"val1": "JFR", "val2": "JFR"}, "29.0": {"val1": "JFV", "val2": "JFV"}, "30.0": {"val1": "JFZ", "val2": "JFZ"}, "31.0": {"val1": "JFd", "val2": "JJF"}, "33.0": {"val1": "JFl", "val2": "JFl"}, "34.0": {"val1": "JFp", "val2": "JFp"}, "35.0": {"val1": "JFt", "val2": "JHZ"}, "36.0": {"val1": "JFx", "val2": "JGZ"}, "37.0": {"val1": "JF1", "val2": "JF1"}, "38.0": {"val1": "JF5", "val2": "JF5"}, "39.0": {"val1": "JF9", "val2": "JF9"}, "40.0": {"val1": "KFBB", "val2": "KFBB"}, "41.0": {"val1": "KFFB", "val2": "KFFB"}, "42.0": {"val1": "KFJB", "val2": "KFJB"}, "43.0": {"val1": "KFNB", "val2": "KFNB"}, "44.0": {"val1": "KFRB", "val2": "KFRB"}, "45.0": {"val1": "KFVB", "val2": "KFVB"}, "46.0": {"val1": "KFZB", "val2": "KFZB"}, "47.0": {"val1": "KFdB", "val2": "KFdB"}, "48.0": {"val1": "KFhB", "val2": "KLFB"}, "49.0": {"val1": "KFlB", "val2": "KLNB"}, "50.0": {"val1": "KFpB", "val2": "KFpB"}, "51.0": {"val1": "KFtB", "val2": "KFtB"}, "52.0": {"val1": "KFxB", "val2": "JGh"}, "53.0": {"val1": "KF1B", "val2": "KF1B"}, "54.0": {"val1": "KF5B", "val2": "KF5B"}, "55.0": {"val1": "KF9B", "val2": "JHF"}, "56.0": {"val1": "KFBC", "val2": "KFBC"}, "57.0": {"val1": "KFFC", "val2": "JHJ"}, "58.0": {"val1": "KFJC", "val2": "JHB"}, "59.0": {"val1": "KFNC", "val2": "KFNC"}, "60.0": {"val1": "KFRC", "val2": "JJJ"}, "61.0": {"val1": "JFC", "val2": "JFC"}, "62.0": {"val1": "JFG", "val2": "JLK"}, "63.0": {"val1": "JFK", "val2": "JLa"}, "64.0": {"val1": "JFO", "val2": "JLO"}, "65.0": {"val1": "JFS", "val2": "JFS"}, "66.0": {"val1": "JFW", "val2": "JFW"}, "67.0": {"val1": "JFa", "val2": "JKC"}, "68.0": {"val1": "JFe", "val2": "JJG"}, "69.0": {"val1": "JFi", "val2": "JFi"}, "70.0": {"val1": "JFm", "val2": "JFm"}, "71.0": {"val1": "JFq", "val2": "JFq"}, "72.0": {"val1": "JFu", "val2": "JLS"}, "73.0": {"val1": "JFy", "val2": "JHK"}, "74.0": {"val1": "JF2", "val2": "JGW"}, "75.0": {"val1": "JF6", "val2": "JHO"}, "76.0": {"val1": "JFD", "val2": "JFD"}}