{"0.0": {"val1": "IF", "val2": "IF"}, "1.0": {"val1": "JFE", "val2": "JFE"}, "2.0": {"val1": "JFI", "val2": "JFI"}, "3.0": {"val1": "JFM", "val2": "JFM"}, "4.0": {"val1": "JFQ", "val2": "II"}, "5.0": {"val1": "JFU", "val2": "JIE"}, "6.0": {"val1": "JFY", "val2": "JFY"}, "7.0": {"val1": "JFc", "val2": "JFc"}, "8.0": {"val1": "JFg", "val2": "JFg"}, "9.0": {"val1": "JFk", "val2": "JFk"}, "11.0": {"val1": "JFs", "val2": "JIM"}, "12.0": {"val1": "JFw", "val2": "JIQ"}, "13.0": {"val1": "JF0", "val2": "JF0"}, "14.0": {"val1": "JF4", "val2": "JF4"}, "16.0": {"val1": "KFAB", "val2": "JIY"}, "17.0": {"val1": "KFEB", "val2": "JIc"}, "18.0": {"val1": "KFIB", "val2": "KFIB"}, "19.0": {"val1": "KFMB", "val2": "KFMB"}, "20.0": {"val1": "JFB", "val2": "JFB"}, "21.0": {"val1": "JFF", "val2": "JFF"}, "22.0": {"val1": "JFJ", "val2": "JFJ"}, "23.0": {"val1": "JFN", "val2": "JFN"}, "24.0": {"val1": "JFR", "val2": "JFR"}, "25.0": {"val1": "JFV", "val2": "JFV"}, "26.0": {"val1": "JFZ", "val2": "JFZ"}, "27.0": {"val1": "JFd", "val2": "JIB"}, "28.0": {"val1": "JFh", "val2": "JIF"}, "30.0": {"val1": "JFp", "val2": "JFp"}, "31.0": {"val1": "JFt", "val2": "JFt"}, "32.0": {"val1": "JFx", "val2": "JFx"}, "33.0": {"val1": "JF1", "val2": "JF1"}, "36.0": {"val1": "KFBB", "val2": "KFBB"}, "37.0": {"val1": "KFFB", "val2": "KFFB"}, "38.0": {"val1": "KFJB", "val2": "KFJB"}, "39.0": {"val1": "KFNB", "val2": "KFNB"}, "40.0": {"val1": "KFRB", "val2": "KFRB"}, "41.0": {"val1": "KFVB", "val2": "KFVB"}, "45.0": {"val1": "KFlB", "val2": "KFlB"}, "46.0": {"val1": "KFpB", "val2": "JIp"}, "47.0": {"val1": "KFtB", "val2": "KFtB"}, "48.0": {"val1": "KFxB", "val2": "KFxB"}, "49.0": {"val1": "KF1B", "val2": "KF1B"}, "50.0": {"val1": "KF5B", "val2": "JIt"}, "52.0": {"val1": "KFBC", "val2": "KFBC"}, "53.0": {"val1": "KFFC", "val2": "KFFC"}, "54.0": {"val1": "KFJC", "val2": "JI1"}, "56.0": {"val1": "KFRC", "val2": "KFRC"}, "57.0": {"val1": "KFVC", "val2": "KFVC"}, "58.0": {"val1": "KFZC", "val2": "KFZC"}, "59.0": {"val1": "KFdC", "val2": "KIBB"}, "60.0": {"val1": "JFC", "val2": "JHC"}, "61.0": {"val1": "JFG", "val2": "JFG"}, "63.0": {"val1": "JFO", "val2": "JIW"}, "65.0": {"val1": "JFW", "val2": "JLS"}, "66.0": {"val1": "JFa", "val2": "JFa"}, "67.0": {"val1": "JFe", "val2": "JJC"}, "68.0": {"val1": "JFi", "val2": "JFi"}, "69.0": {"val1": "JFm", "val2": "JLW"}, "71.0": {"val1": "JFu", "val2": "JFu"}, "72.0": {"val1": "JFy", "val2": "JFy"}, "73.0": {"val1": "JF2", "val2": "JF2"}, "74.0": {"val1": "JF6", "val2": "JF6"}, "75.0": {"val1": "JF+", "val2": "JLa"}, "76.0": {"val1": "KFCB", "val2": "KFCB"}, "77.0": {"val1": "KFGB", "val2": "JLK"}, "78.0": {"val1": "JFD", "val2": "JFD"}}