{"0.0": {"val1": "IF", "val2": "IF"}, "1.0": {"val1": "JFE", "val2": "JFE"}, "2.0": {"val1": "JFI", "val2": "JFI"}, "3.0": {"val1": "JFM", "val2": "JFM"}, "5.0": {"val1": "JFU", "val2": "JFU"}, "6.0": {"val1": "JFY", "val2": "JFY"}, "8.0": {"val1": "JFg", "val2": "JFg"}, "11.0": {"val1": "JFs", "val2": "JFs"}, "13.0": {"val1": "JF0", "val2": "JF0"}, "16.0": {"val1": "KFAB", "val2": "KFAB"}, "17.0": {"val1": "KFEB", "val2": "KFEB"}, "19.0": {"val1": "KFMB", "val2": "KFMB"}, "20.0": {"val1": "JFB", "val2": "JFB"}, "21.0": {"val1": "JFF", "val2": "JFF"}, "22.0": {"val1": "JFJ", "val2": "JFJ"}, "23.0": {"val1": "JFN", "val2": "JFN"}, "24.0": {"val1": "JFR", "val2": "JFR"}, "25.0": {"val1": "JFV", "val2": "JFV"}, "26.0": {"val1": "JFZ", "val2": "KLNB"}, "27.0": {"val1": "JFd", "val2": "JFd"}, "28.0": {"val1": "JFh", "val2": "JFh"}, "30.0": {"val1": "JFp", "val2": "KLRB"}, "31.0": {"val1": "JFt", "val2": "KLBB"}, "32.0": {"val1": "JFx", "val2": "JFx"}, "33.0": {"val1": "JF1", "val2": "JF1"}, "36.0": {"val1": "KFBB", "val2": "KFBB"}, "37.0": {"val1": "KFFB", "val2": "KFFB"}, "38.0": {"val1": "KFJB", "val2": "KFJB"}, "39.0": {"val1": "KFNB", "val2": "KFNB"}, "40.0": {"val1": "KFRB", "val2": "KFRB"}, "41.0": {"val1": "KFVB", "val2": "KFVB"}, "42.0": {"val1": "KFZB", "val2": "KLVB"}, "43.0": {"val1": "KFdB", "val2": "KLZB"}, "44.0": {"val1": "KFhB", "val2": "KLdB"}, "45.0": {"val1": "KFlB", "val2": "KLJB"}, "46.0": {"val1": "KFpB", "val2": "KFpB"}, "47.0": {"val1": "KFtB", "val2": "KFtB"}, "51.0": {"val1": "KF9B", "val2": "KLhB"}, "52.0": {"val1": "KFBC", "val2": "KFBC"}, "55.0": {"val1": "KFNC", "val2": "KLlB"}, "56.0": {"val1": "KFRC", "val2": "KLpB"}, "59.0": {"val1": "KFdC", "val2": "KFdC"}, "60.0": {"val1": "JFC", "val2": "JKC"}, "61.0": {"val1": "JFG", "val2": "JFG"}, "62.0": {"val1": "JFK", "val2": "JLO"}, "63.0": {"val1": "JFO", "val2": "JFO"}, "64.0": {"val1": "JFS", "val2": "JLS"}, "65.0": {"val1": "JFW", "val2": "JLW"}, "66.0": {"val1": "JFa", "val2": "JLa"}, "67.0": {"val1": "JFe", "val2": "JHC"}, "68.0": {"val1": "JFi", "val2": "JJC"}, "69.0": {"val1": "JFm", "val2": "JLe"}, "71.0": {"val1": "JFu", "val2": "JFu"}, "72.0": {"val1": "JFy", "val2": "JFy"}, "73.0": {"val1": "JF2", "val2": "JF2"}, "74.0": {"val1": "JF6", "val2": "JLi"}, "75.0": {"val1": "JF+", "val2": "JLm"}, "76.0": {"val1": "KFCB", "val2": "JLq"}, "77.0": {"val1": "KFGB", "val2": "JLu"}, "78.0": {"val1": "JFD", "val2": "JFD"}}