{"1.0": {"val1": "JFE", "val2": "JFE"}, "2.0": {"val1": "JFI", "val2": "JFI"}, "4.0": {"val1": "JFQ", "val2": "IG"}, "5.0": {"val1": "JFU", "val2": "JIU"}, "7.0": {"val1": "JFc", "val2": "JKE"}, "8.0": {"val1": "JFg", "val2": "JFg"}, "9.0": {"val1": "JFk", "val2": "JFk"}, "12.0": {"val1": "JFw", "val2": "JGE"}, "14.0": {"val1": "JF4", "val2": "JF4"}, "17.0": {"val1": "KFEB", "val2": "JIc"}, "18.0": {"val1": "KFIB", "val2": "JKM"}, "19.0": {"val1": "KFMB", "val2": "KFMB"}, "21.0": {"val1": "JFF", "val2": "JGB"}, "22.0": {"val1": "JFJ", "val2": "JFJ"}, "23.0": {"val1": "JFN", "val2": "JFN"}, "24.0": {"val1": "JFR", "val2": "KLNB"}, "27.0": {"val1": "JFd", "val2": "JIl"}, "30.0": {"val1": "JFp", "val2": "JFp"}, "31.0": {"val1": "JFt", "val2": "JFt"}, "32.0": {"val1": "JFx", "val2": "JFx"}, "35.0": {"val1": "JF9", "val2": "JF9"}, "39.0": {"val1": "KFNB", "val2": "KFNB"}, "41.0": {"val1": "KFVB", "val2": "KFVB"}, "43.0": {"val1": "KFdB", "val2": "JIt"}, "44.0": {"val1": "KFhB", "val2": "JI1"}, "45.0": {"val1": "KFlB", "val2": "KFlB"}, "46.0": {"val1": "KFpB", "val2": "JIB"}, "47.0": {"val1": "KFtB", "val2": "JGJ"}, "48.0": {"val1": "KFxB", "val2": "KFxB"}, "49.0": {"val1": "KF1B", "val2": "KF1B"}, "50.0": {"val1": "KF5B", "val2": "JIF"}, "52.0": {"val1": "KFBC", "val2": "JGN"}, "53.0": {"val1": "KFFC", "val2": "KFFC"}, "54.0": {"val1": "KFJC", "val2": "JIJ"}, "57.0": {"val1": "KFVC", "val2": "KFVC"}, "58.0": {"val1": "KFZC", "val2": "KFZC"}, "59.0": {"val1": "KFdC", "val2": "JIN"}, "60.0": {"val1": "JFC", "val2": "JGG"}, "61.0": {"val1": "JFG", "val2": "JLW"}, "62.0": {"val1": "JFK", "val2": "JIK"}, "63.0": {"val1": "JFO", "val2": "JIO"}, "65.0": {"val1": "JFW", "val2": "JIS"}, "66.0": {"val1": "JFa", "val2": "JFa"}, "67.0": {"val1": "JFe", "val2": "JHG"}, "68.0": {"val1": "JFi", "val2": "JLa"}, "70.0": {"val1": "JFq", "val2": "JLe"}, "71.0": {"val1": "JFu", "val2": "JLq"}, "72.0": {"val1": "JFy", "val2": "JLi"}, "73.0": {"val1": "JF2", "val2": "JLm"}, "74.0": {"val1": "JF6", "val2": "JKC"}, "75.0": {"val1": "JF+", "val2": "JIW"}, "77.0": {"val1": "KFGB", "val2": "JJC"}, "78.0": {"val1": "JFD", "val2": "JFD"}}