{"0.0": {"val1": "IF", "val2": "JJE"}, "1.0": {"val1": "JFE", "val2": "IJ"}, "2.0": {"val1": "JFI", "val2": "JFI"}, "3.0": {"val1": "JFM", "val2": "JFM"}, "4.0": {"val1": "JFQ", "val2": "JFQ"}, "5.0": {"val1": "JFU", "val2": "JFU"}, "6.0": {"val1": "JFY", "val2": "JFY"}, "7.0": {"val1": "JFc", "val2": "JFc"}, "8.0": {"val1": "JFg", "val2": "JFg"}, "9.0": {"val1": "JFk", "val2": "JGM"}, "10.0": {"val1": "JFo", "val2": "JJI"}, "12.0": {"val1": "JFw", "val2": "JFw"}, "13.0": {"val1": "JF0", "val2": "JF0"}, "15.0": {"val1": "JF8", "val2": "JF8"}, "16.0": {"val1": "JFB", "val2": "JJB"}, "17.0": {"val1": "JFF", "val2": "JJF"}, "18.0": {"val1": "JFJ", "val2": "JFJ"}, "19.0": {"val1": "JFN", "val2": "JFN"}, "20.0": {"val1": "JFR", "val2": "JFR"}, "21.0": {"val1": "JFV", "val2": "JFV"}, "22.0": {"val1": "JFZ", "val2": "JFZ"}, "23.0": {"val1": "JFd", "val2": "JFd"}, "24.0": {"val1": "JFh", "val2": "JFh"}, "25.0": {"val1": "JFl", "val2": "JFl"}, "26.0": {"val1": "JFp", "val2": "JJJ"}, "27.0": {"val1": "JFt", "val2": "JJR"}, "29.0": {"val1": "JF1", "val2": "JF1"}, "30.0": {"val1": "JF5", "val2": "JF5"}, "31.0": {"val1": "JF9", "val2": "JF9"}, "32.0": {"val1": "KFBB", "val2": "KFBB"}, "33.0": {"val1": "KFFB", "val2": "KFFB"}, "34.0": {"val1": "KFJB", "val2": "KFJB"}, "36.0": {"val1": "KFRB", "val2": "JJZ"}, "37.0": {"val1": "KFVB", "val2": "JJN"}, "38.0": {"val1": "KFZB", "val2": "KFZB"}, "40.0": {"val1": "KFhB", "val2": "KFhB"}, "41.0": {"val1": "KFlB", "val2": "KFlB"}, "42.0": {"val1": "KFpB", "val2": "JIB"}, "43.0": {"val1": "KFtB", "val2": "KFtB"}, "46.0": {"val1": "JFC", "val2": "JJG"}, "47.0": {"val1": "JFG", "val2": "JIG"}, "48.0": {"val1": "JFK", "val2": "JLG"}, "49.0": {"val1": "JFO", "val2": "JIC"}, "50.0": {"val1": "JFS", "val2": "JFS"}, "51.0": {"val1": "JFW", "val2": "JFW"}, "52.0": {"val1": "JFa", "val2": "JJC"}, "53.0": {"val1": "JFe", "val2": "JKC"}, "54.0": {"val1": "JFi", "val2": "JLK"}, "55.0": {"val1": "JFm", "val2": "JFm"}, "56.0": {"val1": "JFq", "val2": "JJK"}, "57.0": {"val1": "JFu", "val2": "JJO"}, "58.0": {"val1": "JFy", "val2": "JFy"}, "60.0": {"val1": "JFD", "val2": "JFD"}}