{"2.0": {"val1": "JFI", "val2": "JJE"}, "5.0": {"val1": "JFU", "val2": "JJM"}, "6.0": {"val1": "JFY", "val2": "JFY"}, "7.0": {"val1": "JFc", "val2": "JJU"}, "13.0": {"val1": "JF0", "val2": "JF0"}, "15.0": {"val1": "JF8", "val2": "JF8"}, "18.0": {"val1": "JFJ", "val2": "KLNB"}, "19.0": {"val1": "JFN", "val2": "KLRB"}, "21.0": {"val1": "JFV", "val2": "JFV"}, "22.0": {"val1": "JFZ", "val2": "KLVB"}, "24.0": {"val1": "JFh", "val2": "KLZB"}, "25.0": {"val1": "JFl", "val2": "JJR"}, "27.0": {"val1": "JFt", "val2": "KLdB"}, "28.0": {"val1": "JFx", "val2": "JFx"}, "29.0": {"val1": "JF1", "val2": "JF1"}, "30.0": {"val1": "JF5", "val2": "JJZ"}, "31.0": {"val1": "JF9", "val2": "JF9"}, "32.0": {"val1": "KFBB", "val2": "KFBB"}, "34.0": {"val1": "KFJB", "val2": "KLhB"}, "36.0": {"val1": "KFRB", "val2": "KLlB"}, "38.0": {"val1": "KFZB", "val2": "KLpB"}, "40.0": {"val1": "KFhB", "val2": "KLtB"}, "41.0": {"val1": "KFlB", "val2": "KFlB"}, "44.0": {"val1": "KFxB", "val2": "KFxB"}, "45.0": {"val1": "KF1B", "val2": "KF1B"}, "46.0": {"val1": "JFC", "val2": "JLm"}, "47.0": {"val1": "JFG", "val2": "JLO"}, "48.0": {"val1": "JFK", "val2": "JIC"}, "49.0": {"val1": "JFO", "val2": "JLu"}, "50.0": {"val1": "JFS", "val2": "JLq"}, "51.0": {"val1": "JFW", "val2": "JLS"}, "52.0": {"val1": "JFa", "val2": "JLW"}, "53.0": {"val1": "JFe", "val2": "JLa"}, "54.0": {"val1": "JFi", "val2": "JFi"}, "55.0": {"val1": "JFm", "val2": "JFm"}, "56.0": {"val1": "JFq", "val2": "JLe"}, "57.0": {"val1": "JFu", "val2": "JLi"}, "59.0": {"val1": "JF2", "val2": "JF2"}, "60.0": {"val1": "JFD", "val2": "JFD"}}