{"0.0": {"val1": "IF", "val2": "IF"}, "1.0": {"val1": "JFE", "val2": "JFE"}, "2.0": {"val1": "JFI", "val2": "JFI"}, "3.0": {"val1": "JFM", "val2": "JGc"}, "4.0": {"val1": "JFQ", "val2": "JFQ"}, "5.0": {"val1": "JFU", "val2": "JFU"}, "6.0": {"val1": "JFY", "val2": "JFY"}, "7.0": {"val1": "JFc", "val2": "JFc"}, "8.0": {"val1": "JFg", "val2": "JFg"}, "9.0": {"val1": "JFk", "val2": "JFk"}, "10.0": {"val1": "JFo", "val2": "JGg"}, "11.0": {"val1": "JFs", "val2": "JGI"}, "13.0": {"val1": "JF0", "val2": "JGM"}, "14.0": {"val1": "JFB", "val2": "JFB"}, "15.0": {"val1": "JFF", "val2": "JFF"}, "16.0": {"val1": "JFJ", "val2": "JFJ"}, "17.0": {"val1": "JFN", "val2": "JFN"}, "18.0": {"val1": "JFR", "val2": "JFR"}, "19.0": {"val1": "JFV", "val2": "JFV"}, "20.0": {"val1": "JFZ", "val2": "JFZ"}, "21.0": {"val1": "JFd", "val2": "JFd"}, "23.0": {"val1": "JFl", "val2": "KLRB"}, "24.0": {"val1": "JFp", "val2": "JKB"}, "25.0": {"val1": "JFt", "val2": "JFt"}, "27.0": {"val1": "JF1", "val2": "JGh"}, "28.0": {"val1": "JF5", "val2": "JF5"}, "29.0": {"val1": "JF9", "val2": "JF9"}, "30.0": {"val1": "KFBB", "val2": "KFBB"}, "31.0": {"val1": "KFFB", "val2": "KFFB"}, "32.0": {"val1": "KFJB", "val2": "KFJB"}, "33.0": {"val1": "KFNB", "val2": "KFNB"}, "35.0": {"val1": "KFVB", "val2": "KLFB"}, "36.0": {"val1": "JFC", "val2": "JIC"}, "37.0": {"val1": "JFG", "val2": "JLS"}, "38.0": {"val1": "JFK", "val2": "JFK"}, "39.0": {"val1": "JFO", "val2": "JFO"}, "40.0": {"val1": "JFS", "val2": "JFS"}, "41.0": {"val1": "JFW", "val2": "JLO"}, "42.0": {"val1": "JFa", "val2": "JLa"}, "43.0": {"val1": "JFe", "val2": "JLe"}, "44.0": {"val1": "JFi", "val2": "JLK"}, "45.0": {"val1": "JFm", "val2": "JFm"}, "46.0": {"val1": "JFq", "val2": "JHC"}, "47.0": {"val1": "JFu", "val2": "JLW"}, "48.0": {"val1": "JFD", "val2": "JFD"}}