{"0.0": {"val1": "IF", "val2": "IF"}, "1.0": {"val1": "JFE", "val2": "JFE"}, "2.0": {"val1": "JFI", "val2": "JFI"}, "3.0": {"val1": "JFM", "val2": "JFM"}, "8.0": {"val1": "JFg", "val2": "JFg"}, "9.0": {"val1": "JFk", "val2": "JFk"}, "10.0": {"val1": "JFo", "val2": "JFo"}, "15.0": {"val1": "JF8", "val2": "JF8"}, "16.0": {"val1": "KFAB", "val2": "KFAB"}, "17.0": {"val1": "KFEB", "val2": "KFEB"}, "19.0": {"val1": "KFMB", "val2": "KFMB"}, "20.0": {"val1": "KFQB", "val2": "KFQB"}, "21.0": {"val1": "KFUB", "val2": "KFUB"}, "22.0": {"val1": "KFYB", "val2": "KFYB"}, "24.0": {"val1": "KFgB", "val2": "KFgB"}, "25.0": {"val1": "JFB", "val2": "KLhB"}, "26.0": {"val1": "JFF", "val2": "JFF"}, "27.0": {"val1": "JFJ", "val2": "JFJ"}, "28.0": {"val1": "JFN", "val2": "JFN"}, "29.0": {"val1": "JFR", "val2": "KLlB"}, "33.0": {"val1": "JFh", "val2": "JFh"}, "34.0": {"val1": "JFl", "val2": "JFl"}, "35.0": {"val1": "JFp", "val2": "JFp"}, "39.0": {"val1": "JF5", "val2": "JGd"}, "40.0": {"val1": "JF9", "val2": "JF9"}, "41.0": {"val1": "KFBB", "val2": "KFBB"}, "42.0": {"val1": "KFFB", "val2": "KFFB"}, "45.0": {"val1": "KFRB", "val2": "KFRB"}, "46.0": {"val1": "KFVB", "val2": "KFVB"}, "47.0": {"val1": "KFZB", "val2": "KL1B"}, "48.0": {"val1": "KFdB", "val2": "KLtB"}, "50.0": {"val1": "KFlB", "val2": "KFlB"}, "51.0": {"val1": "KFpB", "val2": "KFpB"}, "52.0": {"val1": "KFtB", "val2": "KFtB"}, "53.0": {"val1": "KFxB", "val2": "KFxB"}, "54.0": {"val1": "KF1B", "val2": "KF1B"}, "55.0": {"val1": "KF5B", "val2": "KF5B"}, "56.0": {"val1": "KF9B", "val2": "KLpB"}, "61.0": {"val1": "KFRC", "val2": "KFRC"}, "62.0": {"val1": "KFVC", "val2": "KFVC"}, "65.0": {"val1": "KFhC", "val2": "KFhC"}, "66.0": {"val1": "KFlC", "val2": "JJN"}, "67.0": {"val1": "JFC", "val2": "JLa"}, "68.0": {"val1": "JFG", "val2": "JLq"}, "69.0": {"val1": "JFK", "val2": "JLu"}, "70.0": {"val1": "JFO", "val2": "JLi"}, "71.0": {"val1": "JFS", "val2": "JGS"}, "72.0": {"val1": "JFW", "val2": "JFW"}, "73.0": {"val1": "JFa", "val2": "JFa"}, "74.0": {"val1": "JFe", "val2": "JLe"}, "76.0": {"val1": "JFm", "val2": "JFm"}, "77.0": {"val1": "JFq", "val2": "JFq"}, "78.0": {"val1": "JFu", "val2": "JLy"}, "81.0": {"val1": "JF6", "val2": "JF6"}, "82.0": {"val1": "JF+", "val2": "JF+"}, "84.0": {"val1": "KFGB", "val2": "JGW"}, "85.0": {"val1": "JFD", "val2": "JFD"}}