{"3.0": {"val1": "JFM", "val2": "JFM"}, "4.0": {"val1": "JFQ", "val2": "JFQ"}, "5.0": {"val1": "JFU", "val2": "JFU"}, "8.0": {"val1": "JFg", "val2": "JFg"}, "11.0": {"val1": "JFs", "val2": "JFs"}, "12.0": {"val1": "JFw", "val2": "JFw"}, "13.0": {"val1": "JF0", "val2": "JF0"}, "24.0": {"val1": "KFgB", "val2": "KFgB"}, "25.0": {"val1": "JFB", "val2": "KLRB"}, "28.0": {"val1": "JFN", "val2": "KLdB"}, "29.0": {"val1": "JFR", "val2": "JFR"}, "30.0": {"val1": "JFV", "val2": "JFV"}, "31.0": {"val1": "JFZ", "val2": "JJF"}, "33.0": {"val1": "JFh", "val2": "JJJ"}, "36.0": {"val1": "JFt", "val2": "KLVB"}, "37.0": {"val1": "JFx", "val2": "JFx"}, "38.0": {"val1": "JF1", "val2": "JJN"}, "39.0": {"val1": "JF5", "val2": "JJR"}, "43.0": {"val1": "KFJB", "val2": "KFJB"}, "45.0": {"val1": "KFRB", "val2": "KLZB"}, "49.0": {"val1": "KFhB", "val2": "KFhB"}, "54.0": {"val1": "KF1B", "val2": "KLhB"}, "58.0": {"val1": "KFFC", "val2": "KFFC"}, "61.0": {"val1": "KFRC", "val2": "KFRC"}, "62.0": {"val1": "KFVC", "val2": "KFVC"}, "63.0": {"val1": "KFZC", "val2": "KFZC"}, "64.0": {"val1": "KFdC", "val2": "KFdC"}, "67.0": {"val1": "JFC", "val2": "JLi"}, "68.0": {"val1": "JFG", "val2": "JLa"}, "69.0": {"val1": "JFK", "val2": "JJC"}, "70.0": {"val1": "JFO", "val2": "JJK"}, "71.0": {"val1": "JFS", "val2": "JLq"}, "73.0": {"val1": "JFa", "val2": "JLm"}, "74.0": {"val1": "JFe", "val2": "JLW"}, "76.0": {"val1": "JFm", "val2": "JLe"}, "79.0": {"val1": "JFy", "val2": "JFy"}, "81.0": {"val1": "JF6", "val2": "JF6"}, "82.0": {"val1": "JF+", "val2": "JF+"}, "83.0": {"val1": "KFCB", "val2": "KFCB"}, "85.0": {"val1": "JFD", "val2": "JFD"}}