{"0.0": {"val1": "IF", "val2": "IF"}, "1.0": {"val1": "JFE", "val2": "JFE"}, "2.0": {"val1": "JFI", "val2": "JFI"}, "5.0": {"val1": "JFU", "val2": "JFU"}, "8.0": {"val1": "JFg", "val2": "JFg"}, "10.0": {"val1": "JFo", "val2": "JFo"}, "11.0": {"val1": "JFs", "val2": "JFs"}, "13.0": {"val1": "JF0", "val2": "JF0"}, "15.0": {"val1": "JF8", "val2": "JF8"}, "16.0": {"val1": "KFAB", "val2": "KFAB"}, "18.0": {"val1": "KFIB", "val2": "KFIB"}, "19.0": {"val1": "KFMB", "val2": "KFMB"}, "21.0": {"val1": "KFUB", "val2": "KFUB"}, "24.0": {"val1": "KFgB", "val2": "KFgB"}, "25.0": {"val1": "JFB", "val2": "JFB"}, "26.0": {"val1": "JFF", "val2": "JFF"}, "27.0": {"val1": "JFJ", "val2": "JFJ"}, "28.0": {"val1": "JFN", "val2": "KLNB"}, "30.0": {"val1": "JFV", "val2": "KLRB"}, "33.0": {"val1": "JFh", "val2": "JFh"}, "34.0": {"val1": "JFl", "val2": "JJB"}, "35.0": {"val1": "JFp", "val2": "JJF"}, "36.0": {"val1": "JFt", "val2": "JFt"}, "37.0": {"val1": "JFx", "val2": "JFx"}, "40.0": {"val1": "JF9", "val2": "JF9"}, "41.0": {"val1": "KFBB", "val2": "JJJ"}, "42.0": {"val1": "KFFB", "val2": "KFFB"}, "43.0": {"val1": "KFJB", "val2": "JIB"}, "44.0": {"val1": "KFNB", "val2": "KFNB"}, "46.0": {"val1": "KFVB", "val2": "KFVB"}, "48.0": {"val1": "KFdB", "val2": "KFdB"}, "49.0": {"val1": "KFhB", "val2": "KFhB"}, "50.0": {"val1": "KFlB", "val2": "KFlB"}, "53.0": {"val1": "KFxB", "val2": "KFxB"}, "54.0": {"val1": "KF1B", "val2": "KF1B"}, "55.0": {"val1": "KF5B", "val2": "KLVB"}, "58.0": {"val1": "KFFC", "val2": "KLdB"}, "61.0": {"val1": "KFRC", "val2": "KFRC"}, "62.0": {"val1": "KFVC", "val2": "KFVC"}, "63.0": {"val1": "KFZC", "val2": "KFZC"}, "64.0": {"val1": "KFdC", "val2": "KFdC"}, "65.0": {"val1": "KFhC", "val2": "KFhC"}, "67.0": {"val1": "JFC", "val2": "JLW"}, "68.0": {"val1": "JFG", "val2": "JJK"}, "69.0": {"val1": "JFK", "val2": "JLq"}, "70.0": {"val1": "JFO", "val2": "JLm"}, "71.0": {"val1": "JFS", "val2": "JLa"}, "72.0": {"val1": "JFW", "val2": "JJC"}, "73.0": {"val1": "JFa", "val2": "JJG"}, "74.0": {"val1": "JFe", "val2": "JFe"}, "75.0": {"val1": "JFi", "val2": "JFi"}, "77.0": {"val1": "JFq", "val2": "JFq"}, "79.0": {"val1": "JFy", "val2": "JLi"}, "81.0": {"val1": "JF6", "val2": "JF6"}, "82.0": {"val1": "JF+", "val2": "JF+"}, "83.0": {"val1": "KFCB", "val2": "KFCB"}, "84.0": {"val1": "KFGB", "val2": "JLe"}, "85.0": {"val1": "JFD", "val2": "JFD"}}