{"2.0": {"val1": "JFI", "val2": "JFI"}, "3.0": {"val1": "JFM", "val2": "JFM"}, "4.0": {"val1": "JFQ", "val2": "JFQ"}, "5.0": {"val1": "JFB", "val2": "JFB"}, "6.0": {"val1": "JFF", "val2": "JFF"}, "7.0": {"val1": "JFJ", "val2": "JFJ"}, "12.0": {"val1": "JFd", "val2": "JFd"}, "13.0": {"val1": "JFh", "val2": "JFh"}, "14.0": {"val1": "JFl", "val2": "JFl"}, "15.0": {"val1": "JFp", "val2": "JFp"}, "18.0": {"val1": "JF1", "val2": "JF1"}, "19.0": {"val1": "JF5", "val2": "JF5"}, "20.0": {"val1": "JFC", "val2": "JLK"}, "21.0": {"val1": "JFG", "val2": "JLG"}, "22.0": {"val1": "JFK", "val2": "JFK"}, "23.0": {"val1": "JFO", "val2": "JGC"}, "24.0": {"val1": "JFS", "val2": "JFS"}, "29.0": {"val1": "JFm", "val2": "JFm"}, "30.0": {"val1": "JFq", "val2": "JFq"}, "31.0": {"val1": "JFu", "val2": "JFu"}, "32.0": {"val1": "JFy", "val2": "JFy"}, "34.0": {"val1": "JF6", "val2": "JF6"}, "35.0": {"val1": "JFD", "val2": "JFD"}}