{"1.0": {"val1": "JFE", "val2": "JFE"}, "4.0": {"val1": "JFQ", "val2": "JFQ"}, "6.0": {"val1": "JFF", "val2": "JFF"}, "7.0": {"val1": "JFJ", "val2": "JFJ"}, "10.0": {"val1": "JFV", "val2": "JFV"}, "11.0": {"val1": "JFZ", "val2": "JFZ"}, "16.0": {"val1": "JFt", "val2": "JFt"}, "18.0": {"val1": "JF1", "val2": "JF1"}, "21.0": {"val1": "JFG", "val2": "JFG"}, "22.0": {"val1": "JFK", "val2": "JFK"}, "23.0": {"val1": "JFO", "val2": "JFO"}, "24.0": {"val1": "JFS", "val2": "JIC"}, "27.0": {"val1": "JFe", "val2": "JFe"}, "28.0": {"val1": "JFi", "val2": "JFi"}, "33.0": {"val1": "JF2", "val2": "JLK"}, "34.0": {"val1": "JF6", "val2": "JLG"}, "35.0": {"val1": "JFD", "val2": "JFD"}}