{"0.0": {"val1": "IF", "val2": "IF"}, "1.0": {"val1": "JFE", "val2": "JFE"}, "2.0": {"val1": "JFI", "val2": "JFI"}, "3.0": {"val1": "JFM", "val2": "IJ"}, "4.0": {"val1": "JFQ", "val2": "JJM"}, "5.0": {"val1": "JFU", "val2": "JFU"}, "6.0": {"val1": "JFY", "val2": "JFY"}, "7.0": {"val1": "JFc", "val2": "JFc"}, "8.0": {"val1": "JFg", "val2": "JFg"}, "9.0": {"val1": "JFk", "val2": "JFk"}, "10.0": {"val1": "JFo", "val2": "JJU"}, "11.0": {"val1": "JFs", "val2": "JFs"}, "12.0": {"val1": "JFw", "val2": "JFw"}, "13.0": {"val1": "JF0", "val2": "JF0"}, "15.0": {"val1": "JF8", "val2": "JF8"}, "16.0": {"val1": "KFAB", "val2": "KFAB"}, "17.0": {"val1": "KFEB", "val2": "KFEB"}, "18.0": {"val1": "KFIB", "val2": "KFIB"}, "20.0": {"val1": "KFQB", "val2": "KFQB"}, "21.0": {"val1": "KFUB", "val2": "KFUB"}, "22.0": {"val1": "KFYB", "val2": "KFYB"}, "23.0": {"val1": "KFcB", "val2": "KFcB"}, "24.0": {"val1": "KFgB", "val2": "JJc"}, "25.0": {"val1": "KFkB", "val2": "KFkB"}, "26.0": {"val1": "KFoB", "val2": "KFoB"}, "27.0": {"val1": "KFsB", "val2": "KFsB"}, "28.0": {"val1": "JFB", "val2": "JFB"}, "29.0": {"val1": "JFF", "val2": "JFF"}, "30.0": {"val1": "JFJ", "val2": "JFJ"}, "31.0": {"val1": "JFN", "val2": "JFN"}, "33.0": {"val1": "JFV", "val2": "JFV"}, "34.0": {"val1": "JFZ", "val2": "JFZ"}, "35.0": {"val1": "JFd", "val2": "JFd"}, "36.0": {"val1": "JFh", "val2": "JFh"}, "37.0": {"val1": "JFl", "val2": "JFl"}, "39.0": {"val1": "JFt", "val2": "JFt"}, "40.0": {"val1": "JFx", "val2": "JFx"}, "41.0": {"val1": "JF1", "val2": "JF1"}, "42.0": {"val1": "JF5", "val2": "JF5"}, "43.0": {"val1": "JF9", "val2": "JF9"}, "44.0": {"val1": "KFBB", "val2": "KFBB"}, "45.0": {"val1": "KFFB", "val2": "KFFB"}, "46.0": {"val1": "KFJB", "val2": "JJR"}, "47.0": {"val1": "KFNB", "val2": "JJZ"}, "48.0": {"val1": "KFRB", "val2": "KFRB"}, "49.0": {"val1": "KFVB", "val2": "KFVB"}, "50.0": {"val1": "KFZB", "val2": "KFZB"}, "51.0": {"val1": "KFdB", "val2": "KLJB"}, "52.0": {"val1": "KFhB", "val2": "KFhB"}, "54.0": {"val1": "KFpB", "val2": "KFpB"}, "55.0": {"val1": "KFtB", "val2": "KFtB"}, "56.0": {"val1": "KFxB", "val2": "KFxB"}, "57.0": {"val1": "KF1B", "val2": "KF1B"}, "58.0": {"val1": "KF5B", "val2": "KF5B"}, "59.0": {"val1": "KF9B", "val2": "KF9B"}, "60.0": {"val1": "KFBC", "val2": "KFBC"}, "61.0": {"val1": "KFFC", "val2": "KFFC"}, "62.0": {"val1": "KFJC", "val2": "KFJC"}, "64.0": {"val1": "KFRC", "val2": "KFRC"}, "65.0": {"val1": "KFVC", "val2": "KFVC"}, "66.0": {"val1": "KFZC", "val2": "KFZC"}, "67.0": {"val1": "KFdC", "val2": "KLNB"}, "68.0": {"val1": "KFhC", "val2": "KFhC"}, "69.0": {"val1": "KFlC", "val2": "KFlC"}, "70.0": {"val1": "KFpC", "val2": "KFpC"}, "71.0": {"val1": "KFtC", "val2": "KFtC"}, "72.0": {"val1": "JFC", "val2": "JLm"}, "73.0": {"val1": "JFG", "val2": "JLa"}, "74.0": {"val1": "JFK", "val2": "JIC"}, "75.0": {"val1": "JFO", "val2": "JFO"}, "76.0": {"val1": "JFS", "val2": "JFS"}, "77.0": {"val1": "JFW", "val2": "JLy"}, "78.0": {"val1": "JFa", "val2": "JFa"}, "79.0": {"val1": "JFe", "val2": "JFe"}, "80.0": {"val1": "JFi", "val2": "JFi"}, "81.0": {"val1": "JFm", "val2": "JFm"}, "82.0": {"val1": "JFq", "val2": "JLe"}, "83.0": {"val1": "JFu", "val2": "JFu"}, "84.0": {"val1": "JFy", "val2": "JFy"}, "85.0": {"val1": "JF2", "val2": "JF2"}, "86.0": {"val1": "JF6", "val2": "JF6"}, "87.0": {"val1": "JF+", "val2": "JLi"}, "88.0": {"val1": "KFCB", "val2": "KFCB"}, "89.0": {"val1": "KFGB", "val2": "JKC"}, "90.0": {"val1": "JFD", "val2": "JFD"}}