{"0.0": {"val1": "IF", "val2": "JKM"}, "1.0": {"val1": "JFE", "val2": "IK"}, "2.0": {"val1": "JFI", "val2": "JGM"}, "3.0": {"val1": "JFM", "val2": "JHE"}, "4.0": {"val1": "JFQ", "val2": "IJ"}, "5.0": {"val1": "JFU", "val2": "JJM"}, "6.0": {"val1": "JFY", "val2": "JFY"}, "7.0": {"val1": "JFc", "val2": "JFc"}, "8.0": {"val1": "JFg", "val2": "JFg"}, "9.0": {"val1": "JFk", "val2": "JFk"}, "10.0": {"val1": "JFo", "val2": "JHU"}, "11.0": {"val1": "JFs", "val2": "JGU"}, "12.0": {"val1": "JFw", "val2": "JKE"}, "13.0": {"val1": "JF0", "val2": "JKU"}, "14.0": {"val1": "JF4", "val2": "JF4"}, "15.0": {"val1": "JF8", "val2": "JF8"}, "16.0": {"val1": "KFAB", "val2": "KFAB"}, "17.0": {"val1": "KFEB", "val2": "KFEB"}, "18.0": {"val1": "KFIB", "val2": "KFIB"}, "21.0": {"val1": "KFUB", "val2": "KFUB"}, "28.0": {"val1": "JFB", "val2": "JFB"}, "29.0": {"val1": "JFF", "val2": "JFF"}, "30.0": {"val1": "JFJ", "val2": "JKB"}, "31.0": {"val1": "JFN", "val2": "JFN"}, "32.0": {"val1": "JFR", "val2": "JJB"}, "33.0": {"val1": "JFV", "val2": "JFV"}, "34.0": {"val1": "JFZ", "val2": "JFZ"}, "35.0": {"val1": "JFd", "val2": "JFd"}, "36.0": {"val1": "JFh", "val2": "JFh"}, "37.0": {"val1": "JFl", "val2": "JFl"}, "38.0": {"val1": "JFp", "val2": "JFp"}, "39.0": {"val1": "JFt", "val2": "JFt"}, "40.0": {"val1": "JFx", "val2": "JKF"}, "41.0": {"val1": "JF1", "val2": "JF1"}, "42.0": {"val1": "JF5", "val2": "JF5"}, "43.0": {"val1": "JF9", "val2": "JF9"}, "44.0": {"val1": "KFBB", "val2": "KFBB"}, "45.0": {"val1": "KFFB", "val2": "KLNC"}, "46.0": {"val1": "KFJB", "val2": "KLFC"}, "47.0": {"val1": "KFNB", "val2": "JHd"}, "48.0": {"val1": "KFRB", "val2": "JGV"}, "49.0": {"val1": "KFVB", "val2": "JKJ"}, "50.0": {"val1": "KFZB", "val2": "JKZ"}, "52.0": {"val1": "KFhB", "val2": "KLtB"}, "53.0": {"val1": "KFlB", "val2": "KLxB"}, "55.0": {"val1": "KFtB", "val2": "KFtB"}, "56.0": {"val1": "KFxB", "val2": "KL1B"}, "57.0": {"val1": "KF1B", "val2": "KF1B"}, "58.0": {"val1": "KF5B", "val2": "KL5B"}, "60.0": {"val1": "KFBC", "val2": "KL9B"}, "62.0": {"val1": "KFJC", "val2": "KLBC"}, "67.0": {"val1": "KFdC", "val2": "KFdC"}, "68.0": {"val1": "KFhC", "val2": "KFhC"}, "69.0": {"val1": "KFlC", "val2": "KFlC"}, "70.0": {"val1": "KFpC", "val2": "KFpC"}, "71.0": {"val1": "KFtC", "val2": "KFtC"}, "72.0": {"val1": "JFC", "val2": "JFC"}, "73.0": {"val1": "JFG", "val2": "JFG"}, "74.0": {"val1": "JFK", "val2": "JIC"}, "75.0": {"val1": "JFO", "val2": "JLm"}, "76.0": {"val1": "JFS", "val2": "KLGB"}, "77.0": {"val1": "JFW", "val2": "KLKB"}, "78.0": {"val1": "JFa", "val2": "JFa"}, "79.0": {"val1": "JFe", "val2": "JKK"}, "80.0": {"val1": "JFi", "val2": "JKG"}, "81.0": {"val1": "JFm", "val2": "JFm"}, "82.0": {"val1": "JFq", "val2": "JLq"}, "83.0": {"val1": "JFu", "val2": "JLu"}, "84.0": {"val1": "JFy", "val2": "JLy"}, "85.0": {"val1": "JF2", "val2": "JL2"}, "86.0": {"val1": "JF6", "val2": "JL6"}, "87.0": {"val1": "JF+", "val2": "JL+"}, "88.0": {"val1": "KFCB", "val2": "KFCB"}, "89.0": {"val1": "KFGB", "val2": "KFGB"}, "90.0": {"val1": "JFD", "val2": "JFD"}}