{"0.0": {"val1": "IF", "val2": "IG"}, "1.0": {"val1": "JFB", "val2": "JFB"}, "3.0": {"val1": "JFJ", "val2": "JGF"}, "4.0": {"val1": "JFN", "val2": "JFN"}, "8.0": {"val1": "JFd", "val2": "JFd"}, "9.0": {"val1": "JFh", "val2": "JFh"}, "11.0": {"val1": "JFC", "val2": "JLG"}, "13.0": {"val1": "JFK", "val2": "JFK"}, "14.0": {"val1": "JFO", "val2": "JKC"}, "15.0": {"val1": "JFS", "val2": "JHC"}, "17.0": {"val1": "JFa", "val2": "JLK"}, "18.0": {"val1": "JFe", "val2": "JFe"}, "20.0": {"val1": "JFm", "val2": "JJC"}, "22.0": {"val1": "JFD", "val2": "JFD"}}