{"0.0": {"val1": "IF", "val2": "IF"}, "1.0": {"val1": "JFB", "val2": "JFB"}, "2.0": {"val1": "JFF", "val2": "JFF"}, "3.0": {"val1": "JFJ", "val2": "JFJ"}, "4.0": {"val1": "JFN", "val2": "JFN"}, "5.0": {"val1": "JFR", "val2": "JFR"}, "6.0": {"val1": "JFV", "val2": "JFV"}, "7.0": {"val1": "JFZ", "val2": "JFZ"}, "8.0": {"val1": "JFd", "val2": "JFd"}, "9.0": {"val1": "JFh", "val2": "JFh"}, "10.0": {"val1": "JFl", "val2": "JFl"}, "11.0": {"val1": "JFC", "val2": "JFC"}, "12.0": {"val1": "JFG", "val2": "JFG"}, "13.0": {"val1": "JFK", "val2": "JFK"}, "14.0": {"val1": "JFO", "val2": "JFO"}, "15.0": {"val1": "JFS", "val2": "JFS"}, "16.0": {"val1": "JFW", "val2": "JFW"}, "17.0": {"val1": "JFa", "val2": "JFa"}, "18.0": {"val1": "JFe", "val2": "JFe"}, "19.0": {"val1": "JFi", "val2": "JFi"}, "20.0": {"val1": "JFm", "val2": "JFm"}, "21.0": {"val1": "JFq", "val2": "JFq"}, "22.0": {"val1": "JFD", "val2": "JFD"}}