{"0.0": {"val1": "IF", "val2": "IF"}, "1.0": {"val1": "JFE", "val2": "JFE"}, "2.0": {"val1": "JFI", "val2": "JFI"}, "3.0": {"val1": "JFM", "val2": "JFM"}, "4.0": {"val1": "JFQ", "val2": "JFQ"}, "5.0": {"val1": "JFU", "val2": "JFU"}, "6.0": {"val1": "JFY", "val2": "JFY"}, "7.0": {"val1": "JFc", "val2": "JFc"}, "8.0": {"val1": "JFB", "val2": "JFB"}, "9.0": {"val1": "JFF", "val2": "JGB"}, "10.0": {"val1": "JFJ", "val2": "JFJ"}, "12.0": {"val1": "JFR", "val2": "JFR"}, "13.0": {"val1": "JFV", "val2": "JFV"}, "14.0": {"val1": "JFZ", "val2": "JFZ"}, "15.0": {"val1": "JFd", "val2": "JJF"}, "16.0": {"val1": "JFh", "val2": "JFh"}, "17.0": {"val1": "JFl", "val2": "JFl"}, "18.0": {"val1": "JFp", "val2": "JFp"}, "19.0": {"val1": "JFt", "val2": "JFt"}, "20.0": {"val1": "JFx", "val2": "JFx"}, "21.0": {"val1": "JF1", "val2": "JF1"}, "22.0": {"val1": "JF5", "val2": "JF5"}, "23.0": {"val1": "JF9", "val2": "JF9"}, "24.0": {"val1": "KFBB", "val2": "KFBB"}, "25.0": {"val1": "KFFB", "val2": "KFFB"}, "26.0": {"val1": "KFJB", "val2": "KFJB"}, "27.0": {"val1": "KFNB", "val2": "KFNB"}, "28.0": {"val1": "KFRB", "val2": "KFRB"}, "29.0": {"val1": "JFC", "val2": "JFC"}, "30.0": {"val1": "JFG", "val2": "JFG"}, "31.0": {"val1": "JFK", "val2": "JLK"}, "32.0": {"val1": "JFO", "val2": "JFO"}, "34.0": {"val1": "JFW", "val2": "JFW"}, "35.0": {"val1": "JFa", "val2": "JIC"}, "36.0": {"val1": "JFe", "val2": "JFe"}, "37.0": {"val1": "JFi", "val2": "JJG"}, "38.0": {"val1": "JFm", "val2": "JFm"}, "39.0": {"val1": "JFq", "val2": "JFq"}, "40.0": {"val1": "JFu", "val2": "JKC"}, "41.0": {"val1": "JFy", "val2": "JFy"}, "42.0": {"val1": "JF2", "val2": "JF2"}, "43.0": {"val1": "JF6", "val2": "JF6"}, "44.0": {"val1": "JFD", "val2": "JFD"}}