{"2.0": {"val1": "JFI", "val2": "JFI"}, "3.0": {"val1": "JFM", "val2": "JFM"}, "4.0": {"val1": "JFQ", "val2": "JFQ"}, "5.0": {"val1": "JFU", "val2": "JFU"}, "8.0": {"val1": "JFB", "val2": "JFB"}, "9.0": {"val1": "JFF", "val2": "JGF"}, "10.0": {"val1": "JFJ", "val2": "JFJ"}, "12.0": {"val1": "JFR", "val2": "JFR"}, "13.0": {"val1": "JFV", "val2": "JFV"}, "14.0": {"val1": "JFZ", "val2": "JFZ"}, "15.0": {"val1": "JFd", "val2": "JJF"}, "16.0": {"val1": "JFh", "val2": "JFh"}, "17.0": {"val1": "JFl", "val2": "JL1"}, "18.0": {"val1": "JFp", "val2": "JFp"}, "19.0": {"val1": "JFt", "val2": "JFt"}, "20.0": {"val1": "JFx", "val2": "JFx"}, "21.0": {"val1": "JF1", "val2": "JL5"}, "25.0": {"val1": "KFFB", "val2": "JL9"}, "26.0": {"val1": "KFJB", "val2": "KFJB"}, "27.0": {"val1": "KFNB", "val2": "KLBB"}, "29.0": {"val1": "JFC", "val2": "JLe"}, "30.0": {"val1": "JFG", "val2": "JFG"}, "31.0": {"val1": "JFK", "val2": "JGG"}, "32.0": {"val1": "JFO", "val2": "JFO"}, "34.0": {"val1": "JFW", "val2": "JFW"}, "35.0": {"val1": "JFa", "val2": "JFa"}, "36.0": {"val1": "JFe", "val2": "JFe"}, "37.0": {"val1": "JFi", "val2": "JKC"}, "38.0": {"val1": "JFm", "val2": "JJG"}, "39.0": {"val1": "JFq", "val2": "JLO"}, "40.0": {"val1": "JFu", "val2": "JFu"}, "41.0": {"val1": "JFy", "val2": "JLS"}, "42.0": {"val1": "JF2", "val2": "JLW"}, "43.0": {"val1": "JF6", "val2": "JLa"}, "44.0": {"val1": "JFD", "val2": "JFD"}}