{"0.0": {"val1": "IF", "val2": "IK"}, "1.0": {"val1": "JFE", "val2": "JKM"}, "2.0": {"val1": "JFI", "val2": "JFI"}, "3.0": {"val1": "JFM", "val2": "JFM"}, "4.0": {"val1": "JFQ", "val2": "JFQ"}, "5.0": {"val1": "JFU", "val2": "JFU"}, "8.0": {"val1": "JFg", "val2": "JHI"}, "13.0": {"val1": "JF0", "val2": "JHU"}, "14.0": {"val1": "JF4", "val2": "JKE"}, "15.0": {"val1": "JF8", "val2": "JKU"}, "16.0": {"val1": "JFB", "val2": "JFB"}, "17.0": {"val1": "JFF", "val2": "JKB"}, "18.0": {"val1": "JFJ", "val2": "JFJ"}, "19.0": {"val1": "JFN", "val2": "JKZ"}, "20.0": {"val1": "JFR", "val2": "JFR"}, "21.0": {"val1": "JFV", "val2": "JFV"}, "22.0": {"val1": "JFZ", "val2": "JFZ"}, "23.0": {"val1": "JFd", "val2": "JFd"}, "24.0": {"val1": "JFh", "val2": "JFh"}, "25.0": {"val1": "JFl", "val2": "JFl"}, "26.0": {"val1": "JFp", "val2": "JLh"}, "29.0": {"val1": "JF1", "val2": "JKF"}, "30.0": {"val1": "JF5", "val2": "JHd"}, "31.0": {"val1": "JF9", "val2": "JLZ"}, "35.0": {"val1": "KFNB", "val2": "JLd"}, "36.0": {"val1": "KFRB", "val2": "JLl"}, "38.0": {"val1": "KFZB", "val2": "JKJ"}, "39.0": {"val1": "KFdB", "val2": "KFdB"}, "41.0": {"val1": "JFC", "val2": "JLS"}, "42.0": {"val1": "JFG", "val2": "JLK"}, "43.0": {"val1": "JFK", "val2": "JIC"}, "44.0": {"val1": "JFO", "val2": "JLO"}, "45.0": {"val1": "JFS", "val2": "JKK"}, "46.0": {"val1": "JFW", "val2": "JKG"}, "47.0": {"val1": "JFa", "val2": "JFa"}, "48.0": {"val1": "JFe", "val2": "JFe"}, "49.0": {"val1": "JFi", "val2": "JFi"}, "52.0": {"val1": "JFu", "val2": "JLW"}, "53.0": {"val1": "JFD", "val2": "JFD"}}