{"0.0": {"val1": "IF", "val2": "IF"}, "3.0": {"val1": "JFM", "val2": "JFM"}, "4.0": {"val1": "JFQ", "val2": "JFQ"}, "5.0": {"val1": "JFU", "val2": "JFU"}, "10.0": {"val1": "JFo", "val2": "JFo"}, "11.0": {"val1": "JFs", "val2": "JJE"}, "12.0": {"val1": "JFw", "val2": "JFw"}, "13.0": {"val1": "JF0", "val2": "JF0"}, "14.0": {"val1": "JF4", "val2": "JF4"}, "15.0": {"val1": "JF8", "val2": "JIE"}, "16.0": {"val1": "KFAB", "val2": "JIM"}, "17.0": {"val1": "KFEB", "val2": "JJM"}, "18.0": {"val1": "KFIB", "val2": "IG"}, "19.0": {"val1": "KFMB", "val2": "KFMB"}, "20.0": {"val1": "KFQB", "val2": "JGE"}, "21.0": {"val1": "KFUB", "val2": "JGI"}, "22.0": {"val1": "KFYB", "val2": "JGM"}, "26.0": {"val1": "KFoB", "val2": "KFoB"}, "27.0": {"val1": "KFsB", "val2": "KFsB"}, "30.0": {"val1": "KF4B", "val2": "KF4B"}, "32.0": {"val1": "JFB", "val2": "JFB"}, "33.0": {"val1": "JFF", "val2": "KLBB"}, "35.0": {"val1": "JFN", "val2": "KLFB"}, "36.0": {"val1": "JFR", "val2": "KLJB"}, "37.0": {"val1": "JFV", "val2": "JFV"}, "38.0": {"val1": "JFZ", "val2": "KLNB"}, "40.0": {"val1": "JFh", "val2": "KLRB"}, "41.0": {"val1": "JFl", "val2": "KLVB"}, "42.0": {"val1": "JFp", "val2": "JFp"}, "43.0": {"val1": "JFt", "val2": "JFt"}, "44.0": {"val1": "JFx", "val2": "JFx"}, "47.0": {"val1": "JF9", "val2": "JF9"}, "48.0": {"val1": "KFBB", "val2": "KFBB"}, "50.0": {"val1": "KFJB", "val2": "KFJB"}, "52.0": {"val1": "KFRB", "val2": "KFRB"}, "53.0": {"val1": "KFVB", "val2": "KFVB"}, "55.0": {"val1": "KFdB", "val2": "KFdB"}, "56.0": {"val1": "KFhB", "val2": "KFhB"}, "57.0": {"val1": "KFlB", "val2": "JIN"}, "58.0": {"val1": "KFpB", "val2": "KFpB"}, "60.0": {"val1": "KFxB", "val2": "KFxB"}, "61.0": {"val1": "KF1B", "val2": "JJN"}, "63.0": {"val1": "KF9B", "val2": "KF9B"}, "64.0": {"val1": "KFBC", "val2": "JGJ"}, "69.0": {"val1": "KFVC", "val2": "JGN"}, "70.0": {"val1": "KFZC", "val2": "KFZC"}, "71.0": {"val1": "KFdC", "val2": "KFdC"}, "72.0": {"val1": "KFhC", "val2": "KFhC"}, "73.0": {"val1": "KFlC", "val2": "KFlC"}, "74.0": {"val1": "KFpC", "val2": "KLZB"}, "75.0": {"val1": "KFtC", "val2": "KLdB"}, "77.0": {"val1": "KF1C", "val2": "KLhB"}, "78.0": {"val1": "KF5C", "val2": "KLlB"}, "79.0": {"val1": "KF9C", "val2": "KF9C"}, "80.0": {"val1": "JFC", "val2": "JLy"}, "81.0": {"val1": "JFG", "val2": "JLm"}, "82.0": {"val1": "JFK", "val2": "JLS"}, "83.0": {"val1": "JFO", "val2": "JFO"}, "84.0": {"val1": "JFS", "val2": "JLW"}, "85.0": {"val1": "JFW", "val2": "JLa"}, "86.0": {"val1": "JFa", "val2": "JLq"}, "87.0": {"val1": "JFe", "val2": "JLe"}, "88.0": {"val1": "JFi", "val2": "JHC"}, "90.0": {"val1": "JFq", "val2": "JFq"}, "91.0": {"val1": "JFu", "val2": "JIG"}, "92.0": {"val1": "JFy", "val2": "JJG"}, "93.0": {"val1": "JF2", "val2": "JKC"}, "96.0": {"val1": "KFCB", "val2": "JLi"}, "97.0": {"val1": "JFD", "val2": "JFD"}}