{"0.0": {"val1": "IF", "val2": "IF"}, "1.0": {"val1": "JFE", "val2": "JFE"}, "2.0": {"val1": "JFI", "val2": "JFI"}, "3.0": {"val1": "JFM", "val2": "JFM"}, "4.0": {"val1": "JFQ", "val2": "JFQ"}, "5.0": {"val1": "JFU", "val2": "JFU"}, "6.0": {"val1": "JFY", "val2": "JFY"}, "7.0": {"val1": "JFc", "val2": "JFc"}, "8.0": {"val1": "JFg", "val2": "JFg"}, "10.0": {"val1": "JFo", "val2": "JFo"}, "11.0": {"val1": "JFs", "val2": "JFs"}, "12.0": {"val1": "JFw", "val2": "JFw"}, "13.0": {"val1": "JF0", "val2": "JF0"}, "14.0": {"val1": "JF4", "val2": "JF4"}, "15.0": {"val1": "JF8", "val2": "JJE"}, "16.0": {"val1": "KFAB", "val2": "JJM"}, "17.0": {"val1": "KFEB", "val2": "KFEB"}, "18.0": {"val1": "KFIB", "val2": "KFIB"}, "19.0": {"val1": "KFMB", "val2": "KFMB"}, "20.0": {"val1": "KFQB", "val2": "KFQB"}, "21.0": {"val1": "KFUB", "val2": "KFUB"}, "22.0": {"val1": "KFYB", "val2": "KFYB"}, "23.0": {"val1": "KFcB", "val2": "KFcB"}, "24.0": {"val1": "KFgB", "val2": "KFgB"}, "25.0": {"val1": "KFkB", "val2": "KFkB"}, "29.0": {"val1": "KF0B", "val2": "KF0B"}, "30.0": {"val1": "KF4B", "val2": "KF4B"}, "31.0": {"val1": "KF8B", "val2": "KF8B"}, "32.0": {"val1": "JFB", "val2": "JFB"}, "33.0": {"val1": "JFF", "val2": "JFF"}, "34.0": {"val1": "JFJ", "val2": "JFJ"}, "35.0": {"val1": "JFN", "val2": "JFN"}, "36.0": {"val1": "JFR", "val2": "JFR"}, "37.0": {"val1": "JFV", "val2": "JFV"}, "38.0": {"val1": "JFZ", "val2": "JFZ"}, "39.0": {"val1": "JFd", "val2": "JFd"}, "40.0": {"val1": "JFh", "val2": "KLBB"}, "41.0": {"val1": "JFl", "val2": "KLFB"}, "42.0": {"val1": "JFp", "val2": "KLJB"}, "43.0": {"val1": "JFt", "val2": "KLNB"}, "44.0": {"val1": "JFx", "val2": "JFx"}, "45.0": {"val1": "JF1", "val2": "JF1"}, "46.0": {"val1": "JF5", "val2": "JF5"}, "47.0": {"val1": "JF9", "val2": "JF9"}, "48.0": {"val1": "KFBB", "val2": "KFBB"}, "49.0": {"val1": "KFFB", "val2": "KFFB"}, "50.0": {"val1": "KFJB", "val2": "KFJB"}, "51.0": {"val1": "KFNB", "val2": "KFNB"}, "52.0": {"val1": "KFRB", "val2": "KFRB"}, "53.0": {"val1": "KFVB", "val2": "KFVB"}, "55.0": {"val1": "KFdB", "val2": "KFdB"}, "56.0": {"val1": "KFhB", "val2": "KFhB"}, "57.0": {"val1": "KFlB", "val2": "JJN"}, "58.0": {"val1": "KFpB", "val2": "KFpB"}, "59.0": {"val1": "KFtB", "val2": "KFtB"}, "60.0": {"val1": "KFxB", "val2": "KFxB"}, "61.0": {"val1": "KF1B", "val2": "KF1B"}, "62.0": {"val1": "KF5B", "val2": "KF5B"}, "63.0": {"val1": "KF9B", "val2": "KF9B"}, "64.0": {"val1": "KFBC", "val2": "KFBC"}, "65.0": {"val1": "KFFC", "val2": "KFFC"}, "66.0": {"val1": "KFJC", "val2": "KFJC"}, "67.0": {"val1": "KFNC", "val2": "KFNC"}, "68.0": {"val1": "KFRC", "val2": "KFRC"}, "69.0": {"val1": "KFVC", "val2": "KFVC"}, "70.0": {"val1": "KFZC", "val2": "KFZC"}, "71.0": {"val1": "KFdC", "val2": "KFdC"}, "72.0": {"val1": "KFhC", "val2": "KFhC"}, "75.0": {"val1": "KFtC", "val2": "KFtC"}, "76.0": {"val1": "KFxC", "val2": "KFxC"}, "78.0": {"val1": "KF5C", "val2": "KF5C"}, "79.0": {"val1": "KF9C", "val2": "KF9C"}, "80.0": {"val1": "JFC", "val2": "JFC"}, "81.0": {"val1": "JFG", "val2": "JLS"}, "82.0": {"val1": "JFK", "val2": "JLW"}, "83.0": {"val1": "JFO", "val2": "JLi"}, "84.0": {"val1": "JFS", "val2": "JLa"}, "85.0": {"val1": "JFW", "val2": "JFW"}, "86.0": {"val1": "JFa", "val2": "JHC"}, "87.0": {"val1": "JFe", "val2": "JFe"}, "88.0": {"val1": "JFi", "val2": "JIC"}, "89.0": {"val1": "JFm", "val2": "JKC"}, "90.0": {"val1": "JFq", "val2": "JFq"}, "91.0": {"val1": "JFu", "val2": "JJG"}, "92.0": {"val1": "JFy", "val2": "JFy"}, "93.0": {"val1": "JF2", "val2": "JF2"}, "94.0": {"val1": "JF6", "val2": "JF6"}, "95.0": {"val1": "JF+", "val2": "JF+"}, "96.0": {"val1": "KFCB", "val2": "JLe"}, "97.0": {"val1": "JFD", "val2": "JFD"}}