{"0.0": {"val1": "IF", "val2": "IF"}, "1.0": {"val1": "JFE", "val2": "JFE"}, "2.0": {"val1": "JFI", "val2": "JFI"}, "3.0": {"val1": "JFM", "val2": "JFM"}, "4.0": {"val1": "JFB", "val2": "JJB"}, "5.0": {"val1": "JFF", "val2": "JFF"}, "6.0": {"val1": "JFJ", "val2": "JFJ"}, "7.0": {"val1": "JFN", "val2": "JFN"}, "8.0": {"val1": "JFR", "val2": "JFR"}, "9.0": {"val1": "JFV", "val2": "JLV"}, "10.0": {"val1": "JFZ", "val2": "JFZ"}, "11.0": {"val1": "JFd", "val2": "JFd"}, "12.0": {"val1": "JFh", "val2": "JFh"}, "13.0": {"val1": "JFl", "val2": "JFl"}, "14.0": {"val1": "JFp", "val2": "JFp"}, "17.0": {"val1": "JF1", "val2": "JF1"}, "18.0": {"val1": "JF5", "val2": "JF5"}, "20.0": {"val1": "KFBB", "val2": "JJJ"}, "27.0": {"val1": "JFC", "val2": "JLS"}, "28.0": {"val1": "JFG", "val2": "JFG"}, "29.0": {"val1": "JFK", "val2": "JFK"}, "30.0": {"val1": "JFO", "val2": "JLK"}, "31.0": {"val1": "JFS", "val2": "JJG"}, "32.0": {"val1": "JFW", "val2": "JFW"}, "33.0": {"val1": "JFa", "val2": "JFa"}, "35.0": {"val1": "JFi", "val2": "JFi"}, "36.0": {"val1": "JFm", "val2": "JLO"}, "40.0": {"val1": "JFD", "val2": "JFD"}}