{"0.0": {"val1": "IF", "val2": "IF"}, "1.0": {"val1": "JFE", "val2": "JFE"}, "2.0": {"val1": "JFI", "val2": "JFI"}, "3.0": {"val1": "JFM", "val2": "JFM"}, "5.0": {"val1": "JFU", "val2": "JFU"}, "7.0": {"val1": "JFc", "val2": "JFc"}, "9.0": {"val1": "JFk", "val2": "JFk"}, "10.0": {"val1": "JFo", "val2": "JFo"}, "12.0": {"val1": "JFw", "val2": "JFw"}, "13.0": {"val1": "JF0", "val2": "JF0"}, "14.0": {"val1": "JF4", "val2": "JIE"}, "15.0": {"val1": "JF8", "val2": "JIM"}, "16.0": {"val1": "KFAB", "val2": "KFAB"}, "17.0": {"val1": "KFEB", "val2": "JIU"}, "18.0": {"val1": "KFIB", "val2": "JIc"}, "19.0": {"val1": "KFMB", "val2": "KFMB"}, "20.0": {"val1": "JFB", "val2": "JFB"}, "21.0": {"val1": "JFF", "val2": "JFF"}, "22.0": {"val1": "JFJ", "val2": "JFJ"}, "23.0": {"val1": "JFN", "val2": "JFN"}, "24.0": {"val1": "JFR", "val2": "KLBB"}, "25.0": {"val1": "JFV", "val2": "KLFB"}, "26.0": {"val1": "JFZ", "val2": "JFZ"}, "27.0": {"val1": "JFd", "val2": "KLJB"}, "28.0": {"val1": "JFh", "val2": "JFh"}, "29.0": {"val1": "JFl", "val2": "KLNB"}, "31.0": {"val1": "JFt", "val2": "KLRB"}, "32.0": {"val1": "JFx", "val2": "JFx"}, "33.0": {"val1": "JF1", "val2": "JF1"}, "35.0": {"val1": "JF9", "val2": "KLVB"}, "36.0": {"val1": "KFBB", "val2": "KFBB"}, "37.0": {"val1": "KFFB", "val2": "KFFB"}, "38.0": {"val1": "KFJB", "val2": "KFJB"}, "39.0": {"val1": "KFNB", "val2": "KFNB"}, "40.0": {"val1": "KFRB", "val2": "KFRB"}, "42.0": {"val1": "KFZB", "val2": "KFZB"}, "43.0": {"val1": "KFdB", "val2": "KFdB"}, "44.0": {"val1": "KFhB", "val2": "KFhB"}, "46.0": {"val1": "KFpB", "val2": "JIR"}, "47.0": {"val1": "KFtB", "val2": "JIZ"}, "48.0": {"val1": "KFxB", "val2": "KFxB"}, "49.0": {"val1": "KF1B", "val2": "KF1B"}, "50.0": {"val1": "KF5B", "val2": "KF5B"}, "51.0": {"val1": "KF9B", "val2": "KF9B"}, "52.0": {"val1": "JFC", "val2": "JLS"}, "53.0": {"val1": "JFG", "val2": "JLm"}, "54.0": {"val1": "JFK", "val2": "JFK"}, "55.0": {"val1": "JFO", "val2": "JJC"}, "56.0": {"val1": "JFS", "val2": "JFS"}, "57.0": {"val1": "JFW", "val2": "JL2"}, "58.0": {"val1": "JFa", "val2": "JLW"}, "59.0": {"val1": "JFe", "val2": "JLa"}, "60.0": {"val1": "JFi", "val2": "JLe"}, "61.0": {"val1": "JFm", "val2": "JLi"}, "62.0": {"val1": "JFq", "val2": "JFq"}, "63.0": {"val1": "JFu", "val2": "JFu"}, "64.0": {"val1": "JFy", "val2": "JFy"}, "65.0": {"val1": "JF2", "val2": "JF2"}, "66.0": {"val1": "JF6", "val2": "JF6"}, "67.0": {"val1": "JFD", "val2": "JFD"}}