{"4.0": {"val1": "JFQ", "val2": "JFQ"}, "6.0": {"val1": "JFY", "val2": "JFY"}, "8.0": {"val1": "JFg", "val2": "JFg"}, "11.0": {"val1": "JFs", "val2": "JFs"}, "12.0": {"val1": "JFw", "val2": "JFw"}, "13.0": {"val1": "JF0", "val2": "JF0"}, "14.0": {"val1": "JF4", "val2": "JF4"}, "15.0": {"val1": "JF8", "val2": "JF8"}, "16.0": {"val1": "KFAB", "val2": "KFAB"}, "17.0": {"val1": "KFEB", "val2": "KFEB"}, "18.0": {"val1": "KFIB", "val2": "KFIB"}, "19.0": {"val1": "KFMB", "val2": "KFMB"}, "24.0": {"val1": "JFR", "val2": "JFR"}, "25.0": {"val1": "JFV", "val2": "JLx"}, "27.0": {"val1": "JFd", "val2": "JL1"}, "29.0": {"val1": "JFl", "val2": "JL5"}, "30.0": {"val1": "JFp", "val2": "JFp"}, "31.0": {"val1": "JFt", "val2": "JL9"}, "34.0": {"val1": "JF5", "val2": "JF5"}, "35.0": {"val1": "JF9", "val2": "JF9"}, "36.0": {"val1": "KFBB", "val2": "JH9"}, "37.0": {"val1": "KFFB", "val2": "KFFB"}, "38.0": {"val1": "KFJB", "val2": "JHB"}, "39.0": {"val1": "KFNB", "val2": "JHF"}, "40.0": {"val1": "KFRB", "val2": "KFRB"}, "41.0": {"val1": "KFVB", "val2": "JHd"}, "42.0": {"val1": "KFZB", "val2": "JHJ"}, "43.0": {"val1": "KFdB", "val2": "KFdB"}, "44.0": {"val1": "KFhB", "val2": "KFhB"}, "45.0": {"val1": "KFlB", "val2": "JHl"}, "46.0": {"val1": "KFpB", "val2": "KFpB"}, "47.0": {"val1": "KFtB", "val2": "KFtB"}, "48.0": {"val1": "KFxB", "val2": "JHN"}, "49.0": {"val1": "KF1B", "val2": "KF1B"}, "50.0": {"val1": "KF5B", "val2": "KF5B"}, "51.0": {"val1": "KF9B", "val2": "KF9B"}, "52.0": {"val1": "JFC", "val2": "JJC"}, "53.0": {"val1": "JFG", "val2": "JKC"}, "54.0": {"val1": "JFK", "val2": "JHK"}, "56.0": {"val1": "JFS", "val2": "JHO"}, "57.0": {"val1": "JFW", "val2": "JHe"}, "58.0": {"val1": "JFa", "val2": "JLS"}, "59.0": {"val1": "JFe", "val2": "JLW"}, "60.0": {"val1": "JFi", "val2": "JLa"}, "61.0": {"val1": "JFm", "val2": "JLi"}, "62.0": {"val1": "JFq", "val2": "JLe"}, "63.0": {"val1": "JFu", "val2": "JHC"}, "64.0": {"val1": "JFy", "val2": "JFy"}, "65.0": {"val1": "JF2", "val2": "JF2"}, "66.0": {"val1": "JF6", "val2": "JF6"}, "67.0": {"val1": "JFD", "val2": "JFD"}}