{"1.0": {"val1": "JFE", "val2": "JFE"}, "4.0": {"val1": "JFB", "val2": "JFB"}, "6.0": {"val1": "JFJ", "val2": "JFJ"}, "8.0": {"val1": "JFR", "val2": "JKB"}, "9.0": {"val1": "JFV", "val2": "JFV"}, "11.0": {"val1": "JFd", "val2": "JKF"}, "13.0": {"val1": "JFl", "val2": "JKR"}, "15.0": {"val1": "JFt", "val2": "JKJ"}, "16.0": {"val1": "JFx", "val2": "JFx"}, "17.0": {"val1": "JF1", "val2": "JKN"}, "18.0": {"val1": "JFC", "val2": "JKG"}, "20.0": {"val1": "JFK", "val2": "JLG"}, "21.0": {"val1": "JFO", "val2": "JFO"}, "22.0": {"val1": "JFS", "val2": "JLK"}, "23.0": {"val1": "JFW", "val2": "JKK"}, "24.0": {"val1": "JFa", "val2": "JFa"}, "25.0": {"val1": "JFe", "val2": "JKC"}, "26.0": {"val1": "JFi", "val2": "JKS"}, "27.0": {"val1": "JFm", "val2": "JKO"}, "28.0": {"val1": "JFq", "val2": "JIC"}, "29.0": {"val1": "JFD", "val2": "JFD"}}