{"0.0": {"val1": "IF", "val2": "IF"}, "3.0": {"val1": "JFM", "val2": "JFM"}, "4.0": {"val1": "JFB", "val2": "JFB"}, "8.0": {"val1": "JFR", "val2": "JFR"}, "12.0": {"val1": "JFh", "val2": "JFh"}, "13.0": {"val1": "JFl", "val2": "JGB"}, "16.0": {"val1": "JFx", "val2": "JFx"}, "17.0": {"val1": "JF1", "val2": "JF1"}, "18.0": {"val1": "JFC", "val2": "JFC"}, "21.0": {"val1": "JFO", "val2": "JKC"}, "22.0": {"val1": "JFS", "val2": "JKG"}, "24.0": {"val1": "JFa", "val2": "JLG"}, "25.0": {"val1": "JFe", "val2": "JLK"}, "26.0": {"val1": "JFi", "val2": "JFi"}, "27.0": {"val1": "JFm", "val2": "JJC"}, "28.0": {"val1": "JFq", "val2": "JFq"}, "29.0": {"val1": "JFD", "val2": "JFD"}}