{"0.0": {"val1": "IF", "val2": "IF"}, "1.0": {"val1": "JFE", "val2": "JFE"}, "2.0": {"val1": "JFI", "val2": "JFI"}, "3.0": {"val1": "JFM", "val2": "JFM"}, "4.0": {"val1": "JFB", "val2": "JFB"}, "5.0": {"val1": "JFF", "val2": "JFF"}, "6.0": {"val1": "JFJ", "val2": "JFJ"}, "7.0": {"val1": "JFN", "val2": "JFN"}, "8.0": {"val1": "JFR", "val2": "JFR"}, "9.0": {"val1": "JFV", "val2": "JFV"}, "10.0": {"val1": "JFZ", "val2": "JFZ"}, "11.0": {"val1": "JFd", "val2": "JFd"}, "12.0": {"val1": "JFh", "val2": "JFh"}, "13.0": {"val1": "JFl", "val2": "JFl"}, "14.0": {"val1": "JFp", "val2": "JFp"}, "15.0": {"val1": "JFt", "val2": "JFt"}, "16.0": {"val1": "JFx", "val2": "JFx"}, "17.0": {"val1": "JF1", "val2": "JF1"}, "18.0": {"val1": "JFC", "val2": "JFC"}, "19.0": {"val1": "JFG", "val2": "JFG"}, "20.0": {"val1": "JFK", "val2": "JFK"}, "21.0": {"val1": "JFO", "val2": "JFO"}, "22.0": {"val1": "JFS", "val2": "JFS"}, "23.0": {"val1": "JFW", "val2": "JFW"}, "24.0": {"val1": "JFa", "val2": "JFa"}, "25.0": {"val1": "JFe", "val2": "JFe"}, "26.0": {"val1": "JFi", "val2": "JFi"}, "27.0": {"val1": "JFm", "val2": "JFm"}, "28.0": {"val1": "JFq", "val2": "JFq"}, "29.0": {"val1": "JFD", "val2": "JFD"}}