{"0.0": {"val1": "IF", "val2": "JJE"}, "1.0": {"val1": "JFE", "val2": "JIM"}, "2.0": {"val1": "JFI", "val2": "JL4"}, "3.0": {"val1": "JFM", "val2": "JIY"}, "4.0": {"val1": "JFQ", "val2": "JGE"}, "5.0": {"val1": "JFU", "val2": "JGM"}, "6.0": {"val1": "JFY", "val2": "JGQ"}, "7.0": {"val1": "JFc", "val2": "JGY"}, "9.0": {"val1": "JFk", "val2": "JFk"}, "10.0": {"val1": "JFo", "val2": "JFo"}, "11.0": {"val1": "JFs", "val2": "JFs"}, "12.0": {"val1": "JFw", "val2": "JFw"}, "14.0": {"val1": "JF4", "val2": "JF4"}, "15.0": {"val1": "JF8", "val2": "JF8"}, "16.0": {"val1": "JFB", "val2": "JIV"}, "17.0": {"val1": "JFF", "val2": "JId"}, "18.0": {"val1": "JFJ", "val2": "JIl"}, "19.0": {"val1": "JFN", "val2": "JIt"}, "20.0": {"val1": "JFR", "val2": "JGV"}, "21.0": {"val1": "JFV", "val2": "JFV"}, "22.0": {"val1": "JFZ", "val2": "JFZ"}, "23.0": {"val1": "JFd", "val2": "JGd"}, "24.0": {"val1": "JFh", "val2": "JL5"}, "25.0": {"val1": "JFl", "val2": "KLhB"}, "26.0": {"val1": "JFp", "val2": "KLNB"}, "27.0": {"val1": "JFt", "val2": "KLRB"}, "28.0": {"val1": "JFx", "val2": "JFx"}, "29.0": {"val1": "JF1", "val2": "JF1"}, "31.0": {"val1": "JF9", "val2": "JL9"}, "32.0": {"val1": "KFBB", "val2": "KFBB"}, "33.0": {"val1": "KFFB", "val2": "KFFB"}, "34.0": {"val1": "KFJB", "val2": "KFJB"}, "35.0": {"val1": "KFNB", "val2": "KFNB"}, "36.0": {"val1": "KFRB", "val2": "KFRB"}, "37.0": {"val1": "KFVB", "val2": "KFVB"}, "38.0": {"val1": "KFZB", "val2": "KFZB"}, "39.0": {"val1": "KFdB", "val2": "KLBB"}, "41.0": {"val1": "KFlB", "val2": "KFlB"}, "42.0": {"val1": "KFpB", "val2": "KFpB"}, "43.0": {"val1": "KFtB", "val2": "KFtB"}, "44.0": {"val1": "JFC", "val2": "JHC"}, "45.0": {"val1": "JFG", "val2": "JKC"}, "46.0": {"val1": "JFK", "val2": "JFK"}, "47.0": {"val1": "JFO", "val2": "JFO"}, "48.0": {"val1": "JFS", "val2": "JLK"}, "49.0": {"val1": "JFW", "val2": "JLO"}, "50.0": {"val1": "JFa", "val2": "JLS"}, "51.0": {"val1": "JFe", "val2": "JFe"}, "52.0": {"val1": "JFi", "val2": "JFi"}, "53.0": {"val1": "JFm", "val2": "JLW"}, "54.0": {"val1": "JFq", "val2": "JFq"}, "55.0": {"val1": "JFu", "val2": "JLa"}, "56.0": {"val1": "JFy", "val2": "JFy"}, "57.0": {"val1": "JFD", "val2": "JFD"}}