{"0.0": {"val1": "IF", "val2": "JIE"}, "1.0": {"val1": "JFE", "val2": "JKE"}, "2.0": {"val1": "JFI", "val2": "JJM"}, "3.0": {"val1": "JFM", "val2": "JIM"}, "4.0": {"val1": "JFQ", "val2": "JHE"}, "5.0": {"val1": "JFU", "val2": "JHM"}, "6.0": {"val1": "JFY", "val2": "JHU"}, "7.0": {"val1": "JFc", "val2": "JHc"}, "8.0": {"val1": "JFg", "val2": "JFg"}, "9.0": {"val1": "JFk", "val2": "JFk"}, "10.0": {"val1": "JFo", "val2": "JGU"}, "11.0": {"val1": "JFs", "val2": "JGc"}, "12.0": {"val1": "JFw", "val2": "JFw"}, "13.0": {"val1": "JF0", "val2": "JF0"}, "14.0": {"val1": "JF4", "val2": "JIQ"}, "15.0": {"val1": "JF8", "val2": "JIY"}, "16.0": {"val1": "JFB", "val2": "JFB"}, "17.0": {"val1": "JFF", "val2": "JFF"}, "18.0": {"val1": "JFJ", "val2": "JIR"}, "19.0": {"val1": "JFN", "val2": "JGV"}, "20.0": {"val1": "JFR", "val2": "JHV"}, "21.0": {"val1": "JFV", "val2": "JFV"}, "22.0": {"val1": "JFZ", "val2": "JFZ"}, "23.0": {"val1": "JFd", "val2": "JHd"}, "24.0": {"val1": "JFh", "val2": "JFh"}, "25.0": {"val1": "JFl", "val2": "JFl"}, "26.0": {"val1": "JFp", "val2": "JHl"}, "27.0": {"val1": "JFt", "val2": "JHt"}, "28.0": {"val1": "JFx", "val2": "JFx"}, "29.0": {"val1": "JF1", "val2": "JF1"}, "30.0": {"val1": "JF5", "val2": "JF5"}, "31.0": {"val1": "JF9", "val2": "JF9"}, "32.0": {"val1": "KFBB", "val2": "KFBB"}, "33.0": {"val1": "KFFB", "val2": "KFFB"}, "34.0": {"val1": "KFJB", "val2": "JGd"}, "35.0": {"val1": "KFNB", "val2": "KFNB"}, "36.0": {"val1": "KFRB", "val2": "JGl"}, "37.0": {"val1": "KFVB", "val2": "KFVB"}, "38.0": {"val1": "KFZB", "val2": "KFZB"}, "39.0": {"val1": "KFdB", "val2": "KFdB"}, "40.0": {"val1": "KFhB", "val2": "KFhB"}, "41.0": {"val1": "KFlB", "val2": "JIZ"}, "43.0": {"val1": "KFtB", "val2": "JIh"}, "44.0": {"val1": "JFC", "val2": "JHS"}, "45.0": {"val1": "JFG", "val2": "JFG"}, "46.0": {"val1": "JFK", "val2": "JFK"}, "47.0": {"val1": "JFO", "val2": "JFO"}, "48.0": {"val1": "JFS", "val2": "JFS"}, "49.0": {"val1": "JFW", "val2": "JFW"}, "50.0": {"val1": "JFa", "val2": "JFa"}, "51.0": {"val1": "JFe", "val2": "JFe"}, "52.0": {"val1": "JFi", "val2": "JGO"}, "53.0": {"val1": "JFm", "val2": "JLS"}, "54.0": {"val1": "JFq", "val2": "JFq"}, "55.0": {"val1": "JFu", "val2": "JFu"}, "56.0": {"val1": "JFy", "val2": "JLi"}, "57.0": {"val1": "JFD", "val2": "JFD"}}