{"4.0": {"val1": "JFQ", "val2": "JKM"}, "5.0": {"val1": "JFU", "val2": "JFU"}, "6.0": {"val1": "JFY", "val2": "JFY"}, "7.0": {"val1": "JFc", "val2": "II"}, "8.0": {"val1": "JFg", "val2": "IJ"}, "9.0": {"val1": "JFk", "val2": "JJM"}, "10.0": {"val1": "JFo", "val2": "JFo"}, "11.0": {"val1": "JFs", "val2": "JFs"}, "12.0": {"val1": "JFw", "val2": "JJE"}, "13.0": {"val1": "JF0", "val2": "JIc"}, "14.0": {"val1": "JF4", "val2": "JF4"}, "15.0": {"val1": "JF8", "val2": "JF8"}, "16.0": {"val1": "KFAB", "val2": "JKU"}, "19.0": {"val1": "KFMB", "val2": "JJU"}, "22.0": {"val1": "JFB", "val2": "JL5"}, "26.0": {"val1": "JFR", "val2": "KLNB"}, "27.0": {"val1": "JFV", "val2": "JFV"}, "28.0": {"val1": "JFZ", "val2": "JFZ"}, "29.0": {"val1": "JFd", "val2": "JFd"}, "31.0": {"val1": "JFl", "val2": "JFl"}, "32.0": {"val1": "JFp", "val2": "JFp"}, "33.0": {"val1": "JFt", "val2": "JFt"}, "34.0": {"val1": "JFx", "val2": "JJh"}, "35.0": {"val1": "JF1", "val2": "JJR"}, "36.0": {"val1": "JF5", "val2": "JIZ"}, "37.0": {"val1": "JF9", "val2": "JF9"}, "38.0": {"val1": "KFBB", "val2": "KFBB"}, "39.0": {"val1": "KFFB", "val2": "JKV"}, "40.0": {"val1": "KFJB", "val2": "KLZB"}, "41.0": {"val1": "KFNB", "val2": "JL9"}, "42.0": {"val1": "KFRB", "val2": "KLBB"}, "43.0": {"val1": "KFVB", "val2": "KLFB"}, "44.0": {"val1": "KFZB", "val2": "KFZB"}, "46.0": {"val1": "KFhB", "val2": "KFhB"}, "47.0": {"val1": "KFlB", "val2": "KFlB"}, "48.0": {"val1": "KFpB", "val2": "KFpB"}, "51.0": {"val1": "KF1B", "val2": "KLJB"}, "52.0": {"val1": "KF5B", "val2": "KF5B"}, "53.0": {"val1": "KF9B", "val2": "KLRB"}, "55.0": {"val1": "KFFC", "val2": "KFFC"}, "56.0": {"val1": "KFJC", "val2": "KFJC"}, "57.0": {"val1": "KFNC", "val2": "KFNC"}, "58.0": {"val1": "KFRC", "val2": "KFRC"}, "59.0": {"val1": "KFVC", "val2": "KFVC"}, "60.0": {"val1": "KFZC", "val2": "KFZC"}, "61.0": {"val1": "KFdC", "val2": "KFdC"}, "63.0": {"val1": "KFlC", "val2": "KFlC"}, "64.0": {"val1": "KFpC", "val2": "KFpC"}, "65.0": {"val1": "JFC", "val2": "JLe"}, "66.0": {"val1": "JFG", "val2": "JFG"}, "67.0": {"val1": "JFK", "val2": "JJG"}, "69.0": {"val1": "JFS", "val2": "JFS"}, "70.0": {"val1": "JFW", "val2": "JFW"}, "71.0": {"val1": "JFa", "val2": "JFa"}, "72.0": {"val1": "JFe", "val2": "JLm"}, "73.0": {"val1": "JFi", "val2": "JLK"}, "74.0": {"val1": "JFm", "val2": "JLO"}, "75.0": {"val1": "JFq", "val2": "JLS"}, "76.0": {"val1": "JFu", "val2": "JLW"}, "77.0": {"val1": "JFy", "val2": "JLa"}, "78.0": {"val1": "JF2", "val2": "JF2"}, "79.0": {"val1": "JF6", "val2": "JF6"}, "80.0": {"val1": "JF+", "val2": "JF+"}, "81.0": {"val1": "KFCB", "val2": "KFCB"}, "83.0": {"val1": "KFKB", "val2": "KFKB"}, "84.0": {"val1": "JFD", "val2": "JFD"}}