{"0.0": {"val1": "IF", "val2": "IF"}, "1.0": {"val1": "JFE", "val2": "JFE"}, "2.0": {"val1": "JFI", "val2": "JFI"}, "3.0": {"val1": "JFM", "val2": "JFM"}, "4.0": {"val1": "JFQ", "val2": "JFQ"}, "5.0": {"val1": "JFU", "val2": "JFU"}, "6.0": {"val1": "JFY", "val2": "JFY"}, "7.0": {"val1": "JFc", "val2": "JIE"}, "8.0": {"val1": "JFg", "val2": "JIM"}, "9.0": {"val1": "JFk", "val2": "JKE"}, "10.0": {"val1": "JFo", "val2": "JFo"}, "11.0": {"val1": "JFs", "val2": "JFs"}, "12.0": {"val1": "JFw", "val2": "JIU"}, "13.0": {"val1": "JF0", "val2": "JIc"}, "14.0": {"val1": "JF4", "val2": "JF4"}, "15.0": {"val1": "JF8", "val2": "JF8"}, "16.0": {"val1": "KFAB", "val2": "KFAB"}, "17.0": {"val1": "KFEB", "val2": "KFEB"}, "18.0": {"val1": "KFIB", "val2": "KFIB"}, "19.0": {"val1": "KFMB", "val2": "JKM"}, "20.0": {"val1": "KFQB", "val2": "KFQB"}, "21.0": {"val1": "KFUB", "val2": "KFUB"}, "22.0": {"val1": "JFB", "val2": "JFB"}, "23.0": {"val1": "JFF", "val2": "JFF"}, "24.0": {"val1": "JFJ", "val2": "JFJ"}, "25.0": {"val1": "JFN", "val2": "JFN"}, "26.0": {"val1": "JFR", "val2": "JFR"}, "27.0": {"val1": "JFV", "val2": "JFV"}, "28.0": {"val1": "JFZ", "val2": "JFZ"}, "29.0": {"val1": "JFd", "val2": "JFd"}, "30.0": {"val1": "JFh", "val2": "JFh"}, "31.0": {"val1": "JFl", "val2": "JFl"}, "32.0": {"val1": "JFp", "val2": "JFp"}, "33.0": {"val1": "JFt", "val2": "JFt"}, "34.0": {"val1": "JFx", "val2": "JKZ"}, "35.0": {"val1": "JF1", "val2": "JIV"}, "36.0": {"val1": "JF5", "val2": "JId"}, "37.0": {"val1": "JF9", "val2": "JF9"}, "38.0": {"val1": "KFBB", "val2": "KFBB"}, "39.0": {"val1": "KFFB", "val2": "KFFB"}, "40.0": {"val1": "KFJB", "val2": "KFJB"}, "41.0": {"val1": "KFNB", "val2": "KFNB"}, "42.0": {"val1": "KFRB", "val2": "KFRB"}, "43.0": {"val1": "KFVB", "val2": "KFVB"}, "44.0": {"val1": "KFZB", "val2": "KFZB"}, "45.0": {"val1": "KFdB", "val2": "KFdB"}, "46.0": {"val1": "KFhB", "val2": "KFhB"}, "47.0": {"val1": "KFlB", "val2": "KFlB"}, "48.0": {"val1": "KFpB", "val2": "KFpB"}, "49.0": {"val1": "KFtB", "val2": "KFtB"}, "50.0": {"val1": "KFxB", "val2": "KFxB"}, "51.0": {"val1": "KF1B", "val2": "KF1B"}, "52.0": {"val1": "KF5B", "val2": "KF5B"}, "53.0": {"val1": "KF9B", "val2": "KF9B"}, "54.0": {"val1": "KFBC", "val2": "KFBC"}, "56.0": {"val1": "KFJC", "val2": "JKB"}, "57.0": {"val1": "KFNC", "val2": "KFNC"}, "58.0": {"val1": "KFRC", "val2": "KFRC"}, "61.0": {"val1": "KFdC", "val2": "JKF"}, "62.0": {"val1": "KFhC", "val2": "KFhC"}, "63.0": {"val1": "KFlC", "val2": "KFlC"}, "64.0": {"val1": "KFpC", "val2": "KFpC"}, "65.0": {"val1": "JFC", "val2": "JHC"}, "66.0": {"val1": "JFG", "val2": "JKG"}, "67.0": {"val1": "JFK", "val2": "JFK"}, "68.0": {"val1": "JFO", "val2": "JJC"}, "69.0": {"val1": "JFS", "val2": "JFS"}, "70.0": {"val1": "JFW", "val2": "JLG"}, "71.0": {"val1": "JFa", "val2": "JFa"}, "72.0": {"val1": "JFe", "val2": "JFe"}, "73.0": {"val1": "JFi", "val2": "JFi"}, "74.0": {"val1": "JFm", "val2": "JFm"}, "75.0": {"val1": "JFq", "val2": "JFq"}, "76.0": {"val1": "JFu", "val2": "JFu"}, "77.0": {"val1": "JFy", "val2": "JFy"}, "78.0": {"val1": "JF2", "val2": "JLK"}, "79.0": {"val1": "JF6", "val2": "JF6"}, "80.0": {"val1": "JF+", "val2": "JF+"}, "82.0": {"val1": "KFGB", "val2": "KFGB"}, "83.0": {"val1": "KFKB", "val2": "JKO"}, "84.0": {"val1": "JFD", "val2": "JFD"}}