{"0.0": {"val1": "IF", "val2": "IF"}, "1.0": {"val1": "JFE", "val2": "JFE"}, "2.0": {"val1": "JFI", "val2": "JFI"}, "3.0": {"val1": "JFM", "val2": "JFM"}, "12.0": {"val1": "JFw", "val2": "JFw"}, "13.0": {"val1": "JFB", "val2": "JFB"}, "14.0": {"val1": "JFF", "val2": "JFF"}, "15.0": {"val1": "JFJ", "val2": "JFJ"}, "16.0": {"val1": "JFN", "val2": "JFN"}, "17.0": {"val1": "JFR", "val2": "KLZB"}, "18.0": {"val1": "JFV", "val2": "KLdB"}, "19.0": {"val1": "JFZ", "val2": "KLJB"}, "20.0": {"val1": "JFd", "val2": "KLNB"}, "21.0": {"val1": "JFh", "val2": "JGN"}, "22.0": {"val1": "JFl", "val2": "JGR"}, "31.0": {"val1": "KFJB", "val2": "KFJB"}, "32.0": {"val1": "KFNB", "val2": "KFNB"}, "33.0": {"val1": "KFRB", "val2": "KLRB"}, "34.0": {"val1": "KFVB", "val2": "KLVB"}, "35.0": {"val1": "KFZB", "val2": "KFZB"}, "36.0": {"val1": "KFdB", "val2": "KFdB"}, "39.0": {"val1": "KFpB", "val2": "KFpB"}, "40.0": {"val1": "KFtB", "val2": "KFtB"}, "41.0": {"val1": "KFxB", "val2": "KFxB"}, "42.0": {"val1": "KF1B", "val2": "KF1B"}, "43.0": {"val1": "KF5B", "val2": "KF5B"}, "44.0": {"val1": "KF9B", "val2": "KF9B"}, "45.0": {"val1": "JFC", "val2": "JKC"}, "46.0": {"val1": "JFG", "val2": "JLe"}, "47.0": {"val1": "JFK", "val2": "JLS"}, "48.0": {"val1": "JFO", "val2": "JLi"}, "49.0": {"val1": "JFS", "val2": "JGK"}, "50.0": {"val1": "JFW", "val2": "JLm"}, "52.0": {"val1": "JFe", "val2": "JLW"}, "53.0": {"val1": "JFi", "val2": "JFi"}, "54.0": {"val1": "JFm", "val2": "JLa"}, "55.0": {"val1": "JFq", "val2": "JFq"}, "56.0": {"val1": "JFu", "val2": "JFu"}, "57.0": {"val1": "JFy", "val2": "JFy"}, "58.0": {"val1": "JF2", "val2": "JF2"}, "59.0": {"val1": "JF6", "val2": "JF6"}, "60.0": {"val1": "JF+", "val2": "JF+"}, "61.0": {"val1": "JFD", "val2": "JFD"}}