{"0.0": {"val1": "IF", "val2": "IF"}, "1.0": {"val1": "JFE", "val2": "JFE"}, "13.0": {"val1": "JFB", "val2": "JIF"}, "14.0": {"val1": "JFF", "val2": "JFF"}, "15.0": {"val1": "JFJ", "val2": "JIJ"}, "21.0": {"val1": "JFh", "val2": "KLhB"}, "22.0": {"val1": "JFl", "val2": "KLlB"}, "23.0": {"val1": "JFp", "val2": "KLtB"}, "25.0": {"val1": "JFx", "val2": "KLpB"}, "29.0": {"val1": "KFBB", "val2": "KLxB"}, "35.0": {"val1": "KFZB", "val2": "KFZB"}, "36.0": {"val1": "KFdB", "val2": "KFdB"}, "37.0": {"val1": "KFhB", "val2": "KFhB"}, "38.0": {"val1": "KFlB", "val2": "KFlB"}, "45.0": {"val1": "JFC", "val2": "JIC"}, "46.0": {"val1": "JFG", "val2": "JLS"}, "48.0": {"val1": "JFO", "val2": "JLi"}, "49.0": {"val1": "JFS", "val2": "JLW"}, "50.0": {"val1": "JFW", "val2": "JLe"}, "51.0": {"val1": "JFa", "val2": "JLa"}, "52.0": {"val1": "JFe", "val2": "JLm"}, "53.0": {"val1": "JFi", "val2": "JFi"}, "55.0": {"val1": "JFq", "val2": "JFq"}, "56.0": {"val1": "JFu", "val2": "JFu"}, "57.0": {"val1": "JFy", "val2": "JFy"}, "58.0": {"val1": "JF2", "val2": "JF2"}, "61.0": {"val1": "JFD", "val2": "JFD"}}