{"2.0": {"val1": "JFI", "val2": "JFI"}, "3.0": {"val1": "JFM", "val2": "JFM"}, "5.0": {"val1": "JFU", "val2": "JFU"}, "9.0": {"val1": "JFk", "val2": "JFk"}, "13.0": {"val1": "JFB", "val2": "JHF"}, "15.0": {"val1": "JFJ", "val2": "JHJ"}, "16.0": {"val1": "JFN", "val2": "JFN"}, "19.0": {"val1": "JFZ", "val2": "JFZ"}, "20.0": {"val1": "JFd", "val2": "JFd"}, "23.0": {"val1": "JFp", "val2": "KLRB"}, "24.0": {"val1": "JFt", "val2": "KLpB"}, "26.0": {"val1": "JF1", "val2": "KLtB"}, "29.0": {"val1": "KFBB", "val2": "KLVB"}, "30.0": {"val1": "KFFB", "val2": "KFFB"}, "31.0": {"val1": "KFJB", "val2": "KLZB"}, "32.0": {"val1": "KFNB", "val2": "KLdB"}, "33.0": {"val1": "KFRB", "val2": "KLhB"}, "34.0": {"val1": "KFVB", "val2": "KLlB"}, "35.0": {"val1": "KFZB", "val2": "KFZB"}, "36.0": {"val1": "KFdB", "val2": "KFdB"}, "37.0": {"val1": "KFhB", "val2": "KFhB"}, "38.0": {"val1": "KFlB", "val2": "KFlB"}, "45.0": {"val1": "JFC", "val2": "JHC"}, "46.0": {"val1": "JFG", "val2": "JLS"}, "47.0": {"val1": "JFK", "val2": "JFK"}, "48.0": {"val1": "JFO", "val2": "JLm"}, "50.0": {"val1": "JFW", "val2": "JLi"}, "51.0": {"val1": "JFa", "val2": "JLq"}, "52.0": {"val1": "JFe", "val2": "JLW"}, "53.0": {"val1": "JFi", "val2": "JLa"}, "54.0": {"val1": "JFm", "val2": "JLe"}, "55.0": {"val1": "JFq", "val2": "JFq"}, "56.0": {"val1": "JFu", "val2": "JFu"}, "57.0": {"val1": "JFy", "val2": "JFy"}, "61.0": {"val1": "JFD", "val2": "JFD"}}