{"4.0": {"val1": "JFR", "val2": "JFR"}, "5.0": {"val1": "JFV", "val2": "JFV"}, "10.0": {"val1": "JFp", "val2": "JFp"}, "11.0": {"val1": "JFt", "val2": "JFt"}, "12.0": {"val1": "JFx", "val2": "JFx"}, "13.0": {"val1": "JF1", "val2": "JF1"}, "15.0": {"val1": "JF9", "val2": "JGB"}, "16.0": {"val1": "KFBB", "val2": "KFBB"}, "17.0": {"val1": "KFFB", "val2": "KFFB"}, "21.0": {"val1": "JFO", "val2": "JGC"}, "22.0": {"val1": "JFS", "val2": "JKC"}, "23.0": {"val1": "JFW", "val2": "JLK"}, "27.0": {"val1": "JFm", "val2": "JLG"}, "28.0": {"val1": "JFq", "val2": "JFq"}, "29.0": {"val1": "JFu", "val2": "JFu"}, "30.0": {"val1": "JFy", "val2": "JFy"}, "31.0": {"val1": "JF2", "val2": "JF2"}, "32.0": {"val1": "JF6", "val2": "JF6"}, "34.0": {"val1": "KFCB", "val2": "KFCB"}, "36.0": {"val1": "KFKB", "val2": "KFKB"}, "37.0": {"val1": "JFD", "val2": "JFD"}}