{"5.0": {"val1": "JFV", "val2": "JFV"}, "6.0": {"val1": "JFZ", "val2": "JFZ"}, "7.0": {"val1": "JFd", "val2": "JFd"}, "10.0": {"val1": "JFp", "val2": "JFp"}, "11.0": {"val1": "JFt", "val2": "JFt"}, "13.0": {"val1": "JF1", "val2": "JF1"}, "15.0": {"val1": "JF9", "val2": "JF9"}, "16.0": {"val1": "KFBB", "val2": "KFBB"}, "17.0": {"val1": "KFFB", "val2": "KFFB"}, "22.0": {"val1": "JFS", "val2": "JGG"}, "23.0": {"val1": "JFW", "val2": "JFW"}, "24.0": {"val1": "JFa", "val2": "JFa"}, "25.0": {"val1": "JFe", "val2": "JHC"}, "27.0": {"val1": "JFm", "val2": "JHG"}, "28.0": {"val1": "JFq", "val2": "JFq"}, "29.0": {"val1": "JFu", "val2": "JFu"}, "30.0": {"val1": "JFy", "val2": "JLG"}, "31.0": {"val1": "JF2", "val2": "JLK"}, "32.0": {"val1": "JF6", "val2": "JF6"}, "34.0": {"val1": "KFCB", "val2": "KFCB"}, "35.0": {"val1": "KFGB", "val2": "KFGB"}, "36.0": {"val1": "KFKB", "val2": "KFKB"}, "37.0": {"val1": "JFD", "val2": "JFD"}}