{"0.0": {"val1": "JFB", "val2": "JFB"}, "1.0": {"val1": "JFF", "val2": "JFF"}, "2.0": {"val1": "JFJ", "val2": "JFJ"}, "3.0": {"val1": "JFN", "val2": "JFN"}, "4.0": {"val1": "JFR", "val2": "JFR"}, "9.0": {"val1": "JFl", "val2": "JFl"}, "10.0": {"val1": "JFp", "val2": "JFp"}, "11.0": {"val1": "JFt", "val2": "JFt"}, "12.0": {"val1": "JFx", "val2": "JFx"}, "13.0": {"val1": "JF1", "val2": "JF1"}, "15.0": {"val1": "JF9", "val2": "JF9"}, "16.0": {"val1": "KFBB", "val2": "KFBB"}, "17.0": {"val1": "KFFB", "val2": "KFFB"}, "18.0": {"val1": "JFC", "val2": "JFC"}, "19.0": {"val1": "JFG", "val2": "JFG"}, "20.0": {"val1": "JFK", "val2": "JFK"}, "21.0": {"val1": "JFO", "val2": "JFO"}, "22.0": {"val1": "JFS", "val2": "JLG"}, "23.0": {"val1": "JFW", "val2": "JLK"}, "26.0": {"val1": "JFi", "val2": "JHG"}, "27.0": {"val1": "JFm", "val2": "JFm"}, "28.0": {"val1": "JFq", "val2": "JFq"}, "29.0": {"val1": "JFu", "val2": "JFu"}, "30.0": {"val1": "JFy", "val2": "JIC"}, "31.0": {"val1": "JF2", "val2": "JF2"}, "32.0": {"val1": "JF6", "val2": "JJC"}, "34.0": {"val1": "KFCB", "val2": "JKC"}, "35.0": {"val1": "KFGB", "val2": "KFGB"}, "36.0": {"val1": "KFKB", "val2": "KFKB"}, "37.0": {"val1": "JFD", "val2": "JFD"}}