{"0.0": {"val1": "IF", "val2": "IF"}, "1.0": {"val1": "JFE", "val2": "JFE"}, "2.0": {"val1": "JFI", "val2": "JFI"}, "6.0": {"val1": "JFY", "val2": "JFY"}, "7.0": {"val1": "JFc", "val2": "JFc"}, "8.0": {"val1": "JFg", "val2": "IG"}, "9.0": {"val1": "JFk", "val2": "IK"}, "10.0": {"val1": "JFo", "val2": "JKI"}, "12.0": {"val1": "JFB", "val2": "JFB"}, "13.0": {"val1": "JFF", "val2": "JFF"}, "14.0": {"val1": "JFJ", "val2": "JFJ"}, "15.0": {"val1": "JFN", "val2": "JHF"}, "16.0": {"val1": "JFR", "val2": "JFR"}, "17.0": {"val1": "JFV", "val2": "JFV"}, "18.0": {"val1": "JFZ", "val2": "JLp"}, "19.0": {"val1": "JFd", "val2": "JLt"}, "20.0": {"val1": "JFh", "val2": "JFh"}, "21.0": {"val1": "JFl", "val2": "JFl"}, "22.0": {"val1": "JFp", "val2": "JFp"}, "23.0": {"val1": "JFt", "val2": "JFt"}, "24.0": {"val1": "JFx", "val2": "JFx"}, "25.0": {"val1": "JF1", "val2": "JF1"}, "26.0": {"val1": "JF5", "val2": "JL1"}, "27.0": {"val1": "JF9", "val2": "JF9"}, "28.0": {"val1": "KFBB", "val2": "JKJ"}, "30.0": {"val1": "KFJB", "val2": "JLx"}, "31.0": {"val1": "KFNB", "val2": "JLl"}, "32.0": {"val1": "KFRB", "val2": "KFRB"}, "34.0": {"val1": "KFZB", "val2": "KFZB"}, "36.0": {"val1": "JFC", "val2": "JIC"}, "37.0": {"val1": "JFG", "val2": "JFG"}, "38.0": {"val1": "JFK", "val2": "JLK"}, "39.0": {"val1": "JFO", "val2": "JJC"}, "40.0": {"val1": "JFS", "val2": "JHG"}, "41.0": {"val1": "JFW", "val2": "JLO"}, "42.0": {"val1": "JFa", "val2": "JKC"}, "43.0": {"val1": "JFe", "val2": "JGG"}, "44.0": {"val1": "JFi", "val2": "JLS"}, "45.0": {"val1": "JFm", "val2": "JFm"}, "46.0": {"val1": "JFq", "val2": "JLW"}, "47.0": {"val1": "JFu", "val2": "JFu"}, "48.0": {"val1": "JFy", "val2": "JLa"}, "49.0": {"val1": "JF2", "val2": "JLe"}, "50.0": {"val1": "JFD", "val2": "JFD"}}