{"4.0": {"val1": "JFQ", "val2": "JFQ"}, "5.0": {"val1": "JFU", "val2": "JFU"}, "6.0": {"val1": "JFY", "val2": "JFY"}, "7.0": {"val1": "JFc", "val2": "JFc"}, "12.0": {"val1": "JFB", "val2": "JFB"}, "15.0": {"val1": "JFN", "val2": "JHF"}, "20.0": {"val1": "JFh", "val2": "JFh"}, "21.0": {"val1": "JFl", "val2": "JFl"}, "22.0": {"val1": "JFp", "val2": "JFp"}, "23.0": {"val1": "JFt", "val2": "JFt"}, "32.0": {"val1": "KFRB", "val2": "JKB"}, "33.0": {"val1": "KFVB", "val2": "JKF"}, "34.0": {"val1": "KFZB", "val2": "JKJ"}, "35.0": {"val1": "KFdB", "val2": "JKN"}, "36.0": {"val1": "JFC", "val2": "JIC"}, "37.0": {"val1": "JFG", "val2": "JLG"}, "38.0": {"val1": "JFK", "val2": "JKC"}, "40.0": {"val1": "JFS", "val2": "JLK"}, "45.0": {"val1": "JFm", "val2": "JFm"}, "46.0": {"val1": "JFq", "val2": "JKG"}, "47.0": {"val1": "JFu", "val2": "JKK"}, "48.0": {"val1": "JFy", "val2": "JKO"}, "49.0": {"val1": "JF2", "val2": "JKS"}, "50.0": {"val1": "JFD", "val2": "JFD"}}