{"0.0": {"val1": "IF", "val2": "IF"}, "1.0": {"val1": "JFE", "val2": "JFE"}, "2.0": {"val1": "JFI", "val2": "JFI"}, "3.0": {"val1": "JFM", "val2": "JFM"}, "7.0": {"val1": "JFc", "val2": "JFc"}, "8.0": {"val1": "JFg", "val2": "JFg"}, "10.0": {"val1": "JFo", "val2": "JFo"}, "11.0": {"val1": "JFs", "val2": "JFs"}, "14.0": {"val1": "JF4", "val2": "JF4"}, "15.0": {"val1": "JF8", "val2": "JF8"}, "16.0": {"val1": "JFB", "val2": "JFB"}, "18.0": {"val1": "JFJ", "val2": "JFJ"}, "19.0": {"val1": "JFN", "val2": "JFN"}, "20.0": {"val1": "JFR", "val2": "JFR"}, "22.0": {"val1": "JFZ", "val2": "JL9"}, "23.0": {"val1": "JFd", "val2": "JFd"}, "24.0": {"val1": "JFh", "val2": "KLBB"}, "25.0": {"val1": "JFl", "val2": "JFl"}, "26.0": {"val1": "JFp", "val2": "JFp"}, "27.0": {"val1": "JFt", "val2": "KLFB"}, "28.0": {"val1": "JFx", "val2": "JFx"}, "31.0": {"val1": "JF9", "val2": "KLJB"}, "33.0": {"val1": "KFFB", "val2": "KFFB"}, "34.0": {"val1": "KFJB", "val2": "KFJB"}, "35.0": {"val1": "KFNB", "val2": "KLNB"}, "36.0": {"val1": "KFRB", "val2": "KFRB"}, "38.0": {"val1": "KFZB", "val2": "KLRB"}, "39.0": {"val1": "KFdB", "val2": "KLVB"}, "40.0": {"val1": "KFhB", "val2": "KFhB"}, "41.0": {"val1": "KFlB", "val2": "KLZB"}, "42.0": {"val1": "KFpB", "val2": "KFpB"}, "43.0": {"val1": "KFtB", "val2": "KFtB"}, "44.0": {"val1": "KFxB", "val2": "KFxB"}, "45.0": {"val1": "KF1B", "val2": "KF1B"}, "47.0": {"val1": "JFC", "val2": "JIC"}, "48.0": {"val1": "JFG", "val2": "JFG"}, "49.0": {"val1": "JFK", "val2": "JKG"}, "50.0": {"val1": "JFO", "val2": "JFO"}, "52.0": {"val1": "JFW", "val2": "JFW"}, "53.0": {"val1": "JFa", "val2": "JLO"}, "54.0": {"val1": "JFe", "val2": "JLS"}, "55.0": {"val1": "JFi", "val2": "JLW"}, "56.0": {"val1": "JFm", "val2": "JFm"}, "57.0": {"val1": "JFq", "val2": "JLa"}, "58.0": {"val1": "JFu", "val2": "JLe"}, "59.0": {"val1": "JFy", "val2": "JLi"}, "60.0": {"val1": "JF2", "val2": "JF2"}, "61.0": {"val1": "JF6", "val2": "JLm"}, "62.0": {"val1": "JF+", "val2": "JLq"}, "63.0": {"val1": "KFCB", "val2": "JKC"}, "64.0": {"val1": "JFD", "val2": "JFD"}}