{"4.0": {"val1": "JFQ", "val2": "JFQ"}, "5.0": {"val1": "JFU", "val2": "JFU"}, "10.0": {"val1": "JFo", "val2": "JFo"}, "11.0": {"val1": "JFs", "val2": "JJU"}, "12.0": {"val1": "JFw", "val2": "JHM"}, "14.0": {"val1": "JF4", "val2": "JF4"}, "15.0": {"val1": "JF8", "val2": "JHU"}, "21.0": {"val1": "JFV", "val2": "JFV"}, "22.0": {"val1": "JFZ", "val2": "KLFB"}, "25.0": {"val1": "JFl", "val2": "KLJB"}, "28.0": {"val1": "JFx", "val2": "JKN"}, "29.0": {"val1": "JF1", "val2": "KLNB"}, "30.0": {"val1": "JF5", "val2": "KLRB"}, "31.0": {"val1": "JF9", "val2": "JHR"}, "32.0": {"val1": "KFBB", "val2": "JKR"}, "34.0": {"val1": "KFJB", "val2": "KLVB"}, "35.0": {"val1": "KFNB", "val2": "KFNB"}, "36.0": {"val1": "KFRB", "val2": "KLdB"}, "37.0": {"val1": "KFVB", "val2": "KFVB"}, "38.0": {"val1": "KFZB", "val2": "KFZB"}, "39.0": {"val1": "KFdB", "val2": "KFdB"}, "41.0": {"val1": "KFlB", "val2": "KFlB"}, "42.0": {"val1": "KFpB", "val2": "KFpB"}, "43.0": {"val1": "KFtB", "val2": "KFtB"}, "44.0": {"val1": "KFxB", "val2": "JGB"}, "45.0": {"val1": "JFC", "val2": "JLm"}, "46.0": {"val1": "JFG", "val2": "JLS"}, "47.0": {"val1": "JFK", "val2": "JLq"}, "48.0": {"val1": "JFO", "val2": "JLu"}, "49.0": {"val1": "JFS", "val2": "JL2"}, "50.0": {"val1": "JFW", "val2": "JKK"}, "51.0": {"val1": "JFa", "val2": "JLW"}, "52.0": {"val1": "JFe", "val2": "JHK"}, "54.0": {"val1": "JFm", "val2": "JLa"}, "55.0": {"val1": "JFq", "val2": "JFq"}, "56.0": {"val1": "JFu", "val2": "JFu"}, "58.0": {"val1": "JF2", "val2": "JF2"}, "59.0": {"val1": "JFD", "val2": "JFD"}}