{"0.0": {"val1": "IF", "val2": "IF"}, "1.0": {"val1": "JFE", "val2": "JFE"}, "2.0": {"val1": "JFI", "val2": "JFI"}, "3.0": {"val1": "JFM", "val2": "JFM"}, "4.0": {"val1": "JFQ", "val2": "JFQ"}, "5.0": {"val1": "JFU", "val2": "JGE"}, "6.0": {"val1": "JFY", "val2": "JFY"}, "7.0": {"val1": "JFc", "val2": "JGM"}, "8.0": {"val1": "JFg", "val2": "JFg"}, "9.0": {"val1": "JFk", "val2": "JFk"}, "10.0": {"val1": "JFo", "val2": "JGU"}, "11.0": {"val1": "JFs", "val2": "JIE"}, "12.0": {"val1": "JFw", "val2": "JIM"}, "13.0": {"val1": "JF0", "val2": "JF0"}, "14.0": {"val1": "JF4", "val2": "JF4"}, "15.0": {"val1": "JF8", "val2": "JIU"}, "16.0": {"val1": "JFB", "val2": "JFB"}, "17.0": {"val1": "JFF", "val2": "JFF"}, "18.0": {"val1": "JFJ", "val2": "JFJ"}, "19.0": {"val1": "JFN", "val2": "JFN"}, "20.0": {"val1": "JFR", "val2": "JFR"}, "21.0": {"val1": "JFV", "val2": "JFV"}, "22.0": {"val1": "JFZ", "val2": "JFZ"}, "23.0": {"val1": "JFd", "val2": "JFd"}, "24.0": {"val1": "JFh", "val2": "JFh"}, "25.0": {"val1": "JFl", "val2": "JGR"}, "26.0": {"val1": "JFp", "val2": "JFp"}, "27.0": {"val1": "JFt", "val2": "JFt"}, "28.0": {"val1": "JFx", "val2": "JFx"}, "29.0": {"val1": "JF1", "val2": "JGZ"}, "30.0": {"val1": "JF5", "val2": "JF5"}, "31.0": {"val1": "JF9", "val2": "JIR"}, "32.0": {"val1": "KFBB", "val2": "KFBB"}, "33.0": {"val1": "KFFB", "val2": "KFFB"}, "34.0": {"val1": "KFJB", "val2": "KFJB"}, "35.0": {"val1": "KFNB", "val2": "KFNB"}, "36.0": {"val1": "KFRB", "val2": "JIZ"}, "37.0": {"val1": "KFVB", "val2": "KFVB"}, "38.0": {"val1": "KFZB", "val2": "KFZB"}, "39.0": {"val1": "KFdB", "val2": "KFdB"}, "40.0": {"val1": "KFhB", "val2": "KFhB"}, "41.0": {"val1": "KFlB", "val2": "KFlB"}, "42.0": {"val1": "KFpB", "val2": "KFpB"}, "43.0": {"val1": "KFtB", "val2": "KFtB"}, "44.0": {"val1": "KFxB", "val2": "KFxB"}, "45.0": {"val1": "JFC", "val2": "JKC"}, "46.0": {"val1": "JFG", "val2": "JFG"}, "47.0": {"val1": "JFK", "val2": "JFK"}, "48.0": {"val1": "JFO", "val2": "JFO"}, "49.0": {"val1": "JFS", "val2": "JFS"}, "50.0": {"val1": "JFW", "val2": "JHC"}, "51.0": {"val1": "JFa", "val2": "JFa"}, "52.0": {"val1": "JFe", "val2": "JJC"}, "53.0": {"val1": "JFi", "val2": "JFi"}, "54.0": {"val1": "JFm", "val2": "JGK"}, "55.0": {"val1": "JFq", "val2": "JFq"}, "56.0": {"val1": "JFu", "val2": "JFu"}, "57.0": {"val1": "JFy", "val2": "JFy"}, "58.0": {"val1": "JF2", "val2": "JF2"}, "59.0": {"val1": "JFD", "val2": "JFD"}}