{"2.0": {"val1": "JFI", "val2": "JFI"}, "3.0": {"val1": "JFM", "val2": "JFM"}, "8.0": {"val1": "JFg", "val2": "JIE"}, "9.0": {"val1": "JFk", "val2": "JIM"}, "11.0": {"val1": "JFs", "val2": "JKE"}, "12.0": {"val1": "JFw", "val2": "JKM"}, "13.0": {"val1": "JF0", "val2": "JIU"}, "15.0": {"val1": "JF8", "val2": "JKU"}, "16.0": {"val1": "JFB", "val2": "JFB"}, "18.0": {"val1": "JFJ", "val2": "KLBB"}, "19.0": {"val1": "JFN", "val2": "JFN"}, "20.0": {"val1": "JFR", "val2": "KLFB"}, "26.0": {"val1": "JFp", "val2": "JFp"}, "27.0": {"val1": "JFt", "val2": "JIR"}, "28.0": {"val1": "JFx", "val2": "KLJB"}, "30.0": {"val1": "JF5", "val2": "JF5"}, "31.0": {"val1": "JF9", "val2": "JKR"}, "32.0": {"val1": "KFBB", "val2": "KFBB"}, "33.0": {"val1": "KFFB", "val2": "JIZ"}, "35.0": {"val1": "KFNB", "val2": "KLNB"}, "36.0": {"val1": "KFRB", "val2": "JKZ"}, "37.0": {"val1": "KFVB", "val2": "KFVB"}, "40.0": {"val1": "KFhB", "val2": "KFhB"}, "41.0": {"val1": "KFlB", "val2": "KFlB"}, "42.0": {"val1": "KFpB", "val2": "JHF"}, "43.0": {"val1": "KFtB", "val2": "KFtB"}, "44.0": {"val1": "KFxB", "val2": "JGF"}, "45.0": {"val1": "JFC", "val2": "JLS"}, "46.0": {"val1": "JFG", "val2": "JLW"}, "47.0": {"val1": "JFK", "val2": "JLa"}, "48.0": {"val1": "JFO", "val2": "JFO"}, "49.0": {"val1": "JFS", "val2": "JLe"}, "50.0": {"val1": "JFW", "val2": "JLi"}, "52.0": {"val1": "JFe", "val2": "JKK"}, "53.0": {"val1": "JFi", "val2": "JIK"}, "55.0": {"val1": "JFq", "val2": "JHG"}, "56.0": {"val1": "JFu", "val2": "JFu"}, "57.0": {"val1": "JFy", "val2": "JGG"}, "58.0": {"val1": "JF2", "val2": "JF2"}, "59.0": {"val1": "JFD", "val2": "JFD"}}