{"2.0": {"val1": "JFI", "val2": "JFI"}, "3.0": {"val1": "JFM", "val2": "JFM"}, "4.0": {"val1": "JFQ", "val2": "JFQ"}, "5.0": {"val1": "JFU", "val2": "JFU"}, "6.0": {"val1": "JFY", "val2": "JFY"}, "7.0": {"val1": "JFc", "val2": "JFc"}, "8.0": {"val1": "JFg", "val2": "JFg"}, "9.0": {"val1": "JFk", "val2": "JFk"}, "20.0": {"val1": "KFQB", "val2": "IH"}, "21.0": {"val1": "KFUB", "val2": "II"}, "23.0": {"val1": "KFcB", "val2": "KFcB"}, "24.0": {"val1": "KFgB", "val2": "KFgB"}, "25.0": {"val1": "KFkB", "val2": "KFkB"}, "26.0": {"val1": "KFoB", "val2": "KFoB"}, "27.0": {"val1": "JFB", "val2": "KLBB"}, "29.0": {"val1": "JFJ", "val2": "KLFB"}, "30.0": {"val1": "JFN", "val2": "JFN"}, "31.0": {"val1": "JFR", "val2": "JFR"}, "32.0": {"val1": "JFV", "val2": "JFV"}, "33.0": {"val1": "JFZ", "val2": "JFZ"}, "34.0": {"val1": "JFd", "val2": "JFd"}, "35.0": {"val1": "JFh", "val2": "JFh"}, "36.0": {"val1": "JFl", "val2": "KLJB"}, "38.0": {"val1": "JFt", "val2": "KLNB"}, "39.0": {"val1": "JFx", "val2": "JFx"}, "40.0": {"val1": "JF1", "val2": "JF1"}, "41.0": {"val1": "JF5", "val2": "JF5"}, "42.0": {"val1": "JF9", "val2": "JF9"}, "45.0": {"val1": "KFJB", "val2": "KFJB"}, "46.0": {"val1": "KFNB", "val2": "KFNB"}, "59.0": {"val1": "KFBC", "val2": "JIB"}, "60.0": {"val1": "KFFC", "val2": "KFFC"}, "61.0": {"val1": "KFJC", "val2": "KFJC"}, "62.0": {"val1": "KFNC", "val2": "KFNC"}, "63.0": {"val1": "KFRC", "val2": "KFRC"}, "64.0": {"val1": "KFVC", "val2": "KFVC"}, "66.0": {"val1": "KFdC", "val2": "KFdC"}, "67.0": {"val1": "KFhC", "val2": "KFhC"}, "68.0": {"val1": "JFC", "val2": "JLi"}, "69.0": {"val1": "JFG", "val2": "JLS"}, "70.0": {"val1": "JFK", "val2": "JJC"}, "71.0": {"val1": "JFO", "val2": "JFO"}, "72.0": {"val1": "JFS", "val2": "JKC"}, "73.0": {"val1": "JFW", "val2": "JLW"}, "74.0": {"val1": "JFa", "val2": "JLa"}, "75.0": {"val1": "JFe", "val2": "JLe"}, "76.0": {"val1": "JFi", "val2": "JIG"}, "77.0": {"val1": "JFm", "val2": "JHC"}, "83.0": {"val1": "JF+", "val2": "JF+"}, "84.0": {"val1": "KFCB", "val2": "KFCB"}, "85.0": {"val1": "KFGB", "val2": "JIK"}, "86.0": {"val1": "JFD", "val2": "JFD"}}