{"8.0": {"val1": "JFg", "val2": "JFg"}, "9.0": {"val1": "JFk", "val2": "JFk"}, "10.0": {"val1": "JFo", "val2": "JFo"}, "11.0": {"val1": "JFs", "val2": "JFs"}, "34.0": {"val1": "JFd", "val2": "JKF"}, "35.0": {"val1": "JFh", "val2": "JFh"}, "36.0": {"val1": "JFl", "val2": "JFl"}, "37.0": {"val1": "JFp", "val2": "JFp"}, "38.0": {"val1": "JFt", "val2": "JKJ"}, "41.0": {"val1": "JF5", "val2": "JL5"}, "42.0": {"val1": "JF9", "val2": "JL9"}, "43.0": {"val1": "KFBB", "val2": "KLBB"}, "44.0": {"val1": "KFFB", "val2": "KLFB"}, "68.0": {"val1": "JFC", "val2": "JLm"}, "69.0": {"val1": "JFG", "val2": "JKC"}, "71.0": {"val1": "JFO", "val2": "JLe"}, "72.0": {"val1": "JFS", "val2": "JLW"}, "73.0": {"val1": "JFW", "val2": "JLS"}, "74.0": {"val1": "JFa", "val2": "JLa"}, "75.0": {"val1": "JFe", "val2": "JLi"}, "86.0": {"val1": "JFD", "val2": "JFD"}}