{"1.0": {"val1": "JFE", "val2": "JFE"}, "4.0": {"val1": "JFQ", "val2": "JFQ"}, "28.0": {"val1": "JFF", "val2": "JIF"}, "29.0": {"val1": "JFJ", "val2": "JJF"}, "31.0": {"val1": "JFR", "val2": "JJJ"}, "32.0": {"val1": "JFV", "val2": "JIJ"}, "40.0": {"val1": "JF1", "val2": "JLx"}, "43.0": {"val1": "KFBB", "val2": "JL1"}, "68.0": {"val1": "JFC", "val2": "JJO"}, "69.0": {"val1": "JFG", "val2": "JLe"}, "70.0": {"val1": "JFK", "val2": "JLi"}, "71.0": {"val1": "JFO", "val2": "JLW"}, "73.0": {"val1": "JFW", "val2": "JLa"}, "74.0": {"val1": "JFa", "val2": "JLS"}, "86.0": {"val1": "JFD", "val2": "JFD"}}