{"0.0": {"val1": "IF", "val2": "IF"}, "1.0": {"val1": "JFE", "val2": "JFE"}, "2.0": {"val1": "JFI", "val2": "JFI"}, "3.0": {"val1": "JFM", "val2": "JFM"}, "4.0": {"val1": "JFQ", "val2": "JFQ"}, "5.0": {"val1": "JFU", "val2": "JFU"}, "6.0": {"val1": "JFY", "val2": "JFY"}, "7.0": {"val1": "JFc", "val2": "JFc"}, "8.0": {"val1": "JFg", "val2": "JFg"}, "9.0": {"val1": "JFB", "val2": "JFB"}, "10.0": {"val1": "JFF", "val2": "JFF"}, "11.0": {"val1": "JFJ", "val2": "JFJ"}, "12.0": {"val1": "JFN", "val2": "JFN"}, "13.0": {"val1": "JFR", "val2": "JFR"}, "14.0": {"val1": "JFV", "val2": "JFV"}, "15.0": {"val1": "JFZ", "val2": "JFZ"}, "16.0": {"val1": "JFd", "val2": "JFd"}, "17.0": {"val1": "JFh", "val2": "JFh"}, "18.0": {"val1": "JFl", "val2": "JFl"}, "19.0": {"val1": "JFp", "val2": "JFp"}, "20.0": {"val1": "JFt", "val2": "JFt"}, "21.0": {"val1": "JFx", "val2": "JFx"}, "22.0": {"val1": "JF1", "val2": "JF1"}, "23.0": {"val1": "JF5", "val2": "JF5"}, "24.0": {"val1": "JF9", "val2": "JF9"}, "25.0": {"val1": "JFC", "val2": "JFC"}, "26.0": {"val1": "JFG", "val2": "JFG"}, "27.0": {"val1": "JFK", "val2": "JFK"}, "28.0": {"val1": "JFO", "val2": "JFO"}, "29.0": {"val1": "JFS", "val2": "JFS"}, "30.0": {"val1": "JFW", "val2": "JFW"}, "31.0": {"val1": "JFa", "val2": "JFa"}, "32.0": {"val1": "JFe", "val2": "JFe"}, "33.0": {"val1": "JFi", "val2": "JFi"}, "34.0": {"val1": "JFm", "val2": "JFm"}, "35.0": {"val1": "JFD", "val2": "JFD"}}