{"0.0": {"val1": "IF", "val2": "IF"}, "1.0": {"val1": "JFE", "val2": "JHE"}, "2.0": {"val1": "JFI", "val2": "JHM"}, "3.0": {"val1": "JFM", "val2": "II"}, "4.0": {"val1": "JFQ", "val2": "JHU"}, "6.0": {"val1": "JFY", "val2": "JIM"}, "7.0": {"val1": "JFc", "val2": "JFc"}, "8.0": {"val1": "JFg", "val2": "JHc"}, "9.0": {"val1": "JFB", "val2": "JFB"}, "10.0": {"val1": "JFF", "val2": "JFF"}, "11.0": {"val1": "JFJ", "val2": "JFJ"}, "13.0": {"val1": "JFR", "val2": "JFR"}, "14.0": {"val1": "JFV", "val2": "JLh"}, "15.0": {"val1": "JFZ", "val2": "JFZ"}, "16.0": {"val1": "JFd", "val2": "JHd"}, "18.0": {"val1": "JFl", "val2": "JLp"}, "20.0": {"val1": "JFt", "val2": "JLZ"}, "21.0": {"val1": "JFx", "val2": "JFx"}, "22.0": {"val1": "JF1", "val2": "JF1"}, "23.0": {"val1": "JF5", "val2": "JF5"}, "24.0": {"val1": "JF9", "val2": "JF9"}, "25.0": {"val1": "JFC", "val2": "JKC"}, "26.0": {"val1": "JFG", "val2": "JFG"}, "27.0": {"val1": "JFK", "val2": "JGC"}, "28.0": {"val1": "JFO", "val2": "JLG"}, "29.0": {"val1": "JFS", "val2": "JHK"}, "30.0": {"val1": "JFW", "val2": "JJC"}, "31.0": {"val1": "JFa", "val2": "JLK"}, "32.0": {"val1": "JFe", "val2": "JLO"}, "33.0": {"val1": "JFi", "val2": "JFi"}, "34.0": {"val1": "JFm", "val2": "JLS"}, "35.0": {"val1": "JFD", "val2": "JFD"}}