{"0.0": {"val1": "IF", "val2": "JGE"}, "1.0": {"val1": "JFE", "val2": "JFE"}, "2.0": {"val1": "JFI", "val2": "JFI"}, "3.0": {"val1": "JFM", "val2": "JFM"}, "4.0": {"val1": "JFQ", "val2": "JFQ"}, "5.0": {"val1": "JFU", "val2": "JGM"}, "6.0": {"val1": "JFY", "val2": "JFY"}, "7.0": {"val1": "JFc", "val2": "JJE"}, "8.0": {"val1": "JFg", "val2": "IK"}, "9.0": {"val1": "JFk", "val2": "JJM"}, "10.0": {"val1": "JFo", "val2": "JFo"}, "11.0": {"val1": "JFs", "val2": "JKE"}, "16.0": {"val1": "KFAB", "val2": "KFAB"}, "17.0": {"val1": "KFEB", "val2": "KFEB"}, "18.0": {"val1": "KFIB", "val2": "KFIB"}, "19.0": {"val1": "KFMB", "val2": "KFMB"}, "21.0": {"val1": "KFUB", "val2": "KFUB"}, "22.0": {"val1": "KFYB", "val2": "KFYB"}, "23.0": {"val1": "KFcB", "val2": "KFcB"}, "25.0": {"val1": "KFkB", "val2": "KFkB"}, "28.0": {"val1": "JFB", "val2": "JFB"}, "29.0": {"val1": "JFF", "val2": "JFF"}, "30.0": {"val1": "JFJ", "val2": "JLR"}, "31.0": {"val1": "JFN", "val2": "JFN"}, "32.0": {"val1": "JFR", "val2": "JHB"}, "33.0": {"val1": "JFV", "val2": "JFV"}, "34.0": {"val1": "JFZ", "val2": "JFZ"}, "35.0": {"val1": "JFd", "val2": "JFd"}, "36.0": {"val1": "JFh", "val2": "JGN"}, "37.0": {"val1": "JFl", "val2": "JFl"}, "38.0": {"val1": "JFp", "val2": "JFp"}, "39.0": {"val1": "JFt", "val2": "JKB"}, "40.0": {"val1": "JFx", "val2": "JJN"}, "41.0": {"val1": "JF1", "val2": "JF1"}, "42.0": {"val1": "JF5", "val2": "JF5"}, "44.0": {"val1": "KFBB", "val2": "KFBB"}, "47.0": {"val1": "KFNB", "val2": "KFNB"}, "52.0": {"val1": "KFhB", "val2": "KFhB"}, "53.0": {"val1": "KFlB", "val2": "KFlB"}, "56.0": {"val1": "KFxB", "val2": "JHF"}, "57.0": {"val1": "KF1B", "val2": "KF1B"}, "58.0": {"val1": "KF5B", "val2": "KF5B"}, "61.0": {"val1": "KFFC", "val2": "KFFC"}, "62.0": {"val1": "KFJC", "val2": "KFJC"}, "63.0": {"val1": "KFNC", "val2": "JHJ"}, "65.0": {"val1": "KFVC", "val2": "KFVC"}, "66.0": {"val1": "KFZC", "val2": "KFZC"}, "67.0": {"val1": "KFdC", "val2": "JHN"}, "68.0": {"val1": "KFhC", "val2": "KFhC"}, "69.0": {"val1": "KFlC", "val2": "KFlC"}, "70.0": {"val1": "KFpC", "val2": "JHR"}, "74.0": {"val1": "JFC", "val2": "JLO"}, "75.0": {"val1": "JFG", "val2": "JKO"}, "76.0": {"val1": "JFK", "val2": "JLG"}, "77.0": {"val1": "JFO", "val2": "JFO"}, "78.0": {"val1": "JFS", "val2": "JJG"}, "79.0": {"val1": "JFW", "val2": "JIC"}, "80.0": {"val1": "JFa", "val2": "JKK"}, "81.0": {"val1": "JFe", "val2": "JKC"}, "82.0": {"val1": "JFi", "val2": "JLK"}, "83.0": {"val1": "JFm", "val2": "JFm"}, "86.0": {"val1": "JFy", "val2": "JHK"}, "88.0": {"val1": "JF6", "val2": "JHS"}, "89.0": {"val1": "JF+", "val2": "JHO"}, "91.0": {"val1": "KFGB", "val2": "JHW"}, "92.0": {"val1": "JFD", "val2": "JFD"}}