{"0.0": {"val1": "IF", "val2": "IH"}, "2.0": {"val1": "JFI", "val2": "JFI"}, "3.0": {"val1": "JFM", "val2": "JFM"}, "5.0": {"val1": "JFU", "val2": "JHM"}, "28.0": {"val1": "JFB", "val2": "JFB"}, "30.0": {"val1": "JFJ", "val2": "JKB"}, "31.0": {"val1": "JFN", "val2": "JKF"}, "33.0": {"val1": "JFV", "val2": "JFV"}, "34.0": {"val1": "JFZ", "val2": "JFZ"}, "36.0": {"val1": "JFh", "val2": "JHN"}, "40.0": {"val1": "JFx", "val2": "KLBB"}, "44.0": {"val1": "KFBB", "val2": "KLRB"}, "45.0": {"val1": "KFFB", "val2": "KLFB"}, "46.0": {"val1": "KFJB", "val2": "KFJB"}, "47.0": {"val1": "KFNB", "val2": "KFNB"}, "56.0": {"val1": "KFxB", "val2": "JGF"}, "61.0": {"val1": "KFFC", "val2": "KFFC"}, "63.0": {"val1": "KFNC", "val2": "JGJ"}, "67.0": {"val1": "KFdC", "val2": "JGN"}, "68.0": {"val1": "KFhC", "val2": "KFhC"}, "70.0": {"val1": "KFpC", "val2": "JGR"}, "74.0": {"val1": "JFC", "val2": "JLa"}, "75.0": {"val1": "JFG", "val2": "JLe"}, "76.0": {"val1": "JFK", "val2": "JKG"}, "78.0": {"val1": "JFS", "val2": "JLO"}, "79.0": {"val1": "JFW", "val2": "JIC"}, "80.0": {"val1": "JFa", "val2": "JLG"}, "81.0": {"val1": "JFe", "val2": "JLK"}, "82.0": {"val1": "JFi", "val2": "JFi"}, "83.0": {"val1": "JFm", "val2": "JFm"}, "86.0": {"val1": "JFy", "val2": "JGK"}, "88.0": {"val1": "JF6", "val2": "JJG"}, "89.0": {"val1": "JF+", "val2": "JGO"}, "91.0": {"val1": "KFGB", "val2": "JJK"}, "92.0": {"val1": "JFD", "val2": "JFD"}}