{"0.0": {"val1": "JFB", "val2": "JGB"}, "8.0": {"val1": "JFh", "val2": "JFh"}, "9.0": {"val1": "JFl", "val2": "JFl"}, "11.0": {"val1": "JFt", "val2": "JFt"}, "12.0": {"val1": "JFx", "val2": "JFx"}, "14.0": {"val1": "JF5", "val2": "JF5"}, "15.0": {"val1": "JF9", "val2": "JF9"}, "17.0": {"val1": "JFG", "val2": "JFG"}, "18.0": {"val1": "JFK", "val2": "JFK"}, "26.0": {"val1": "JFq", "val2": "JFq"}, "27.0": {"val1": "JFu", "val2": "JFu"}, "28.0": {"val1": "JFy", "val2": "JFy"}, "29.0": {"val1": "JF2", "val2": "JLG"}, "30.0": {"val1": "JF6", "val2": "JF6"}, "31.0": {"val1": "JF+", "val2": "JF+"}, "32.0": {"val1": "KFCB", "val2": "JLK"}, "33.0": {"val1": "JFD", "val2": "JFD"}}