{"0.0": {"val1": "JFB", "val2": "JHB"}, "8.0": {"val1": "JFh", "val2": "JFh"}, "9.0": {"val1": "JFl", "val2": "JFl"}, "12.0": {"val1": "JFx", "val2": "JFx"}, "13.0": {"val1": "JF1", "val2": "JF1"}, "14.0": {"val1": "JF5", "val2": "JF5"}, "16.0": {"val1": "JFC", "val2": "JGC"}, "17.0": {"val1": "JFG", "val2": "JFG"}, "18.0": {"val1": "JFK", "val2": "JGG"}, "26.0": {"val1": "JFq", "val2": "JFq"}, "27.0": {"val1": "JFu", "val2": "JFu"}, "29.0": {"val1": "JF2", "val2": "JF2"}, "30.0": {"val1": "JF6", "val2": "JF6"}, "31.0": {"val1": "JF+", "val2": "JLG"}, "32.0": {"val1": "KFCB", "val2": "JLK"}, "33.0": {"val1": "JFD", "val2": "JFD"}}